2025-03-20 14:58:54,4210201366546,ブラウン Pro5 PL-5227,81222,在庫あり,kirari,8122100.0,FALSE
2025-03-20 18:42:49,3045386382118,ティファール 電気ケトル 0.8L 軽くてコンパクト 「アプレシア プラス カフェオレ」 KO630AJP,8296,在庫あり,kirari,-2.468845520808841,FALSE
2025-03-20 18:43:06,4210201413042,ブラウン　BRAUN　光美容器 シルクエキスパート Pro5 (ワイドヘッド1個＋コンパクトヘッド1個付きモデル) [フラッシュ式（光脱毛）]　PL-5243,49800,在庫あり,コジマ楽天市場店,17.73049645390071,FALSE
2025-03-20 18:44:03,4537694341066,SAPPHIRE PULSE Radeon RX 7800 XT GAMING 16GB GDDR6 2ファン 省スペース型 グラフィックスカード 11330-02-20G VD8651,110935,在庫あり,ネコサン商店,15.799747387759789,FALSE
2025-03-20 18:44:29,4540790393433,【土日祝発送】【新品】YAMAN ヤーマン RF美顔器 フォトプラス シャイニー ネオ YJFM18N シャンパンゴールド,59321,在庫あり,電子問屋 2号店,-0.020224832723779347,FALSE
2025-03-20 18:45:01,4547410413298,富士フイルム(FUJIFILM) チェキ インスタントカメラ/スマホプリンター instax mini LiPlay ブラッシュゴールド INS MINI HM1 BLUSH GOLD,26779,在庫あり,ネコサン商店,-2.918358468677494,FALSE
2025-03-20 18:45:22,4547410441529,【お得・新品・送料無料・即納】FUJIFILM instax SQUARE SQ1 チェキスクエア [グレイシャーブルー] ※倉庫からの移動中に箱傷みあり※ 【外箱傷あり】,20000,在庫あり,らいぶshop,-0.4975124378109453,FALSE
2025-03-20 18:45:24,4547410441529,【お得・新品・送料無料・即納】FUJIFILM instax SQUARE SQ1 チェキスクエア [グレイシャーブルー] ※倉庫からの移動中に箱傷みあり※ 【外箱傷あり】,20000,在庫あり,らいぶshop,-0.4975124378109453,FALSE
2025-03-20 18:45:46,4547410476408,【新品】FUJIFILM 富士フイルム スマートフォン用プリンター “チェキ” instax mini Link 2 ソフトピンク,13192,在庫あり,電子問屋ワールドいち,-0.18159806295399517,FALSE
2025-03-20 18:45:49,4547410476446,【新品・在庫あり・送料無料】FUJI FILM スマートフォン用プリンター instax mini Link 2 スペースブルー INSMINILINK2-SPBLUE,13176,在庫あり,らいぶshop,-0.030349013657056147,FALSE
2025-03-20 18:45:57,4547410486742,【在庫あり・送料無料】富士フイルム FUJIFILM X-T5 XF18-55mmレンズキット [ブラック],313449,在庫あり,らいぶshop,-0.01594901419143283,FALSE
2025-03-20 18:46:14,4547410520125,【在庫あり・送料無料】FUJIFILM インスタントカメラ チェキ instax mini Evo [ブラウン] 【USB Type-C 対応】,34916,在庫あり,らいぶshop,-0.01718114655518012,FALSE
2025-03-20 18:46:34,4547410554236,【在庫あり・送料無料】FUJIFILM X-T30 II XC15-45mmレンズキット,169490,在庫あり,らいぶshop,-0.00235996554450305,FALSE
2025-03-20 18:46:45,4547410555844,【新品】FUJIFILM 富士フィルム instax mini Evo チェキ USB-C ピンク 撮影 印刷 ハイブリッドカメラ,53493,在庫あり,電子問屋ワールドいち,-0.0056078959174517716,FALSE
2025-03-20 18:47:51,4548736132528,【送料無料・在庫あり】SONY WH-1000XM4 (LM) [ミッドナイトブルー],45699,在庫あり,らいぶshop,-0.004376271854007571,FALSE
2025-03-20 18:50:01,4549046139924,【送料無料・在庫あり】OPPO Reno9 A Y!mobile版 ・SIMフリー ・白ロム・ [ナイトブラック]【Snapdragon695 5G／メモリ8GB／ストレージ128GB／防水防塵IP68】 A301OP,29106,在庫あり,らいぶshop,-0.003435599683924829,FALSE
2025-03-20 18:50:02,4549046140463,【送料無料・新品】OPPO Reno10 Pro 5G Softbank [グロッシーパープル] A302OP 白ロム・SIMフリー,51515,在庫あり,らいぶshop,-0.011645736689893441,FALSE
2025-03-20 18:50:04,4549046140463,【送料無料・新品】OPPO Reno10 Pro 5G Softbank [グロッシーパープル] A302OP 白ロム・SIMフリー,51515,在庫あり,らいぶshop,-0.011645736689893441,FALSE
2025-03-20 18:50:31,4549046141828,【新品】ZTE Libero Flip A304ZT Y!mobile版 ゴールド SIMロック解除済み/楽天/ドコモ/au/ソフトバンク/SIM対応,20331,在庫あり,電子問屋ワールドいち,-0.01967051880993361,FALSE
2025-03-20 18:50:36,4549046141842,【新品】ZTE スマホ Libero Flip A304ZT Y!mobile版 ブルー SIMロック解除済み/楽天/ドコモ/au/ソフトバンク/SIM対応,20387,在庫あり,電子問屋ワールドいち,-0.019616497474375952,FALSE
2025-03-20 18:50:38,4549046144201,【新品・在庫あり・送料無料】Redmi 12 5G 4G+128G Softbank [スカイブルー] SIMフリー｜白ロム ｜softbank｜AU｜docomo｜国内どのキャリアでも使用可能,13271,在庫あり,らいぶshop,-0.04519093168637493,FALSE
2025-03-20 18:50:40,4549046144218,[新品未開封] softbank Xiaomi Redmi 12 5G A401XM 4G+128GB ミッドナイトブラック SIM フリー4549046144218m,13274,在庫あり,Dandyストア,-0.030125018828136767,FALSE
2025-03-20 18:50:41,4549046144225,【新品　国内版】Xiaomi シャオミ Redmi 12 5G SoftBank版 4GB+128GB A401XM ムーンライトホワイト SIMロック解除済み/楽天/ドコモ/au/ソフトバンク/SIM対応,13874,在庫あり,電子問屋ワールドいち,-0.028822596915982133,FALSE
2025-03-20 18:50:43,4549046144379,【新品・在庫あり・送料無料】moto g64y 5G 4GB+128GB Y!mobile スペースブラック ※メーカー保証対象外※,18411,在庫あり,らいぶshop,-0.13018714401952805,FALSE
2025-03-20 18:50:45,4549046144379,【新品・在庫あり・送料無料】moto g64y 5G 4GB+128GB Y!mobile スペースブラック ※メーカー保証対象外※,18411,在庫あり,らいぶshop,-0.13018714401952805,FALSE
2025-03-20 18:50:47,4549046144386,【新品・在庫あり・送料無料】moto g64y 5G 4GB+128GB Y!mobile シルバーブルー ※メーカー保証対象外※,18164,在庫あり,らいぶshop,-0.13195513525401364,FALSE
2025-03-20 18:50:50,4549046144928,【送料無料・在庫あり】OPPO Reno11 A Y!mobile版 [ダークグリーン] SIMフリー｜白ロム ｜softbank｜AU｜docomo｜国内どのキャリアでも使用可能,32479,在庫あり,らいぶshop,-0.015392193079669991,FALSE
2025-03-20 18:50:52,4549046144935,【新品　国内版】OPPO オッポ Reno11 A Y!mobile版 コーラルパープル SIMロック解除済み/楽天/ドコモ/au/ソフトバンク/SIM対応,32605,在庫あり,電子問屋ワールドいち,-0.012266552178846332,FALSE
2025-03-20 18:50:54,4549046144935,【新品　国内版】OPPO オッポ Reno11 A Y!mobile版 コーラルパープル SIMロック解除済み/楽天/ドコモ/au/ソフトバンク/SIM対応,32605,在庫あり,電子問屋ワールドいち,-0.012266552178846332,FALSE
2025-03-20 18:51:13,4549077811820,パナソニック HDビデオカメラ V480MS 32GB 高倍率90倍ズーム ホワイト HC-V480MS-W,87805,在庫あり,MONOPARK,16.422917302006127,FALSE
2025-03-20 18:51:52,4549292115611,キヤノン CANON キャノン RF24-105mm F4 L IS USM(2963C001) 取り寄せ商品,186899,在庫あり,コンプモト　楽天市場店,7.431741104788182,FALSE
2025-03-20 18:53:12,4549292204698,【お得・新品・送料無料・即納】Canon インクジェット複合機 PIXUS TS8630 [ホワイト]　※倉庫からの移動中に箱傷みあり※ 【外箱傷あり】,33070,在庫あり,らいぶshop,0.48617441507140685,FALSE
2025-03-20 18:53:36,4549576167718,【早い者勝ち・送料無料・在庫あり】Microsoft Xbox Series S XBOX SERIES,42093,在庫あり,らいぶshop,-0.059357044494040556,FALSE
2025-03-20 18:53:37,4549576167718,【早い者勝ち・送料無料・在庫あり】Microsoft Xbox Series S XBOX SERIES,42093,在庫あり,らいぶshop,-0.059357044494040556,FALSE
2025-03-20 18:53:57,4549576179049,マイクロソフト Surface Go 3 / Office HB 2021 搭載 / 10.5インチ / Intel Pentium Gold 6500Y /8GB/128GB / プラチナ 8VA-00015,142303,在庫あり,kokolohasstyle,-1.7481962232885697,FALSE
2025-03-20 18:55:27,4549576215563,【送料無料・在庫あり】Microsoft Xbox Series S [1TB ブラック],71364,在庫あり,らいぶshop,-0.005604752830400179,FALSE
2025-03-20 18:57:17,4549980487273,【新品訳・お得・在庫僅か】Panasonic ヘアードライヤー ナノケア ゴールド EH-NA9G-N ※外箱傷あり（倉庫移動中に箱傷み） 訳アリ,24817,在庫あり,らいぶshop,-0.04430481714193652,FALSE
2025-03-20 18:58:05,4549980514214,HC-VX992MS-T パナソニック Panasonic) デジタル4Kビデオカメラ デジタルカメラ カメラ カカオブラウン,98008,在庫あり,apex楽天市場店,-0.004081132922499286,FALSE
2025-03-20 18:58:06,4549980514214,HC-VX992MS-T パナソニック Panasonic) デジタル4Kビデオカメラ デジタルカメラ カメラ カカオブラウン,98008,在庫あり,apex楽天市場店,-0.004081132922499286,FALSE
2025-03-20 18:58:14,4549980515730,パナソニック 掃除機 サイクロン 軽量 からまないブラシ 抗菌 クリーンセンサー 親子ノズル搭載 ブラウン MC-SR39K-T 送料無料,56722,在庫あり,GR　ONLINE STORE,-6.170184609276782,FALSE
2025-03-20 18:59:46,4549980705858,【土日祝発送】【新品】Panasonic パナソニック 光美容器 光エステ SMOOTHEPI（スムースエピ）フェイス＆ボディ＆VIO用 ES-WP9A-H,47689,在庫あり,電子問屋 2号店,-0.08380649081271345,FALSE
2025-03-20 19:00:44,4549980797297,【新品】Technics テクニクス ワイヤレスイヤホン EAH-AZ100-S シルバー,36931,在庫あり,電子問屋 2号店,-0.016243874705579774,FALSE
2025-03-20 19:00:46,4549980800867,【新品・送料無料】Panasonic(パナソニック) ラムダッシュ ES-L320W-W [白],7627,在庫あり,らいぶshop,-0.31368448568814533,FALSE
2025-03-20 19:01:12,4549995192148,【新品未開封】AirPods Max MGYN3J/A グリーン,64219,在庫あり,電子問屋ワールドいち,-0.07468840929248292,FALSE
2025-03-20 19:01:25,4549995250022,【新品 保証未開始】iPad 10.2インチ 第9世代 Wi-Fi 256GB MK2P3J/A シルバー,54791,在庫あり,電子問屋ワールドいち,-0.0419600831904258,FALSE
2025-03-20 19:02:26,4549995348071,【お得・新品・送料無料・即納】Apple(アップル) iPad Pro 12.9インチ 第6世代 Wi-Fi 128GB 2022年秋モデル MNXP3J/A [スペースグレイ] ※外箱傷あり（倉庫移動中に箱傷み）,168658,在庫あり,らいぶshop,-0.012449682533095406,FALSE
2025-03-20 19:02:35,4549995348125,★アップル / APPLE iPad Pro 12.9インチ 第6世代 Wi-Fi 512GB 2022年秋モデル MNXV3J/A [シルバー] 【タブレットPC】【送料無料】,193890,在庫あり,ディーライズ2号店,-0.01547029702970297,FALSE
2025-03-20 19:03:34,4549995361599,【お得・新品・送料無料・即納】 Apple(アップル)iPad 10.9インチ 第10世代 Wi-Fi 256GB 2022年秋モデル MPQ83J/A [シルバー]※外箱傷あり（倉庫移動中に箱傷み）,69791,在庫あり,らいぶshop,-0.005731069560856795,FALSE
2025-03-20 19:03:35,4549995361605,[新品未開封] Apple iPad 10.9インチ 第10世代 Wi-Fi 256GB ブルー MPQ93J/A　4549995361605,69487,在庫あり,Dandyストア,-0.28985923172954126,FALSE
2025-03-20 19:04:02,4549995398823,★アップル / APPLE Apple Watch SE 第2世代 GPSモデル 40mm MRE33J/A [シルバー/ウインターブルースポーツループ]【送料無料】,34700,在庫あり,ディーライズ2号店,0.6088721368512612,FALSE
2025-03-20 19:04:20,4549995400397,★アップル / APPLE Apple Watch Ultra 2 GPS+Cellularモデル 49mm MREQ3J/A [ブルーアルパインループ L]【送料無料】,114850,在庫あり,ディーライズ2号店,0.3056768558951965,FALSE
2025-03-20 19:04:45,4549995400618,【新品】Apple Watch Ultra 2 GPS+Cellularモデル 49mm MRF53J/A [ ブルー / ブラックトレイルループ S / M ],118099,在庫あり,ノア商社 楽天市場店,-0.01777853030816119,FALSE
2025-03-20 19:04:54,4549995400793,★アップル / APPLE Apple Watch Series 9 GPSモデル 41mm MR8T3J/A [スターライトスポーツバンド S/M]【送料無料】,56350,在庫あり,ディーライズ2号店,2.7909522072236412,FALSE
2025-03-20 19:05:19,4549995400984,★アップル / APPLE Apple Watch Series 9 GPSモデル 45mm MR9H3J/A [ピンク/ライトピンクスポーツバンド M/L]【送料無料】,59680,在庫あり,ディーライズ2号店,-0.016753224995811694,FALSE
2025-03-20 19:06:03,4549995401530,★アップル / APPLE Apple Watch Series 9 GPS+Cellularモデル 45mm MRML3J/A [ピンク/ライトピンクスポーツバンド M/L]【送料無料】,69570,在庫あり,ディーライズ2号店,-0.014371945961483184,FALSE
2025-03-20 19:07:42,4549995451283,【新品】Apple iPad Pro 11インチ Wi-Fiモデル 7世代 2TB（標準ガラス搭載）MVVH3J/A シルバー,252197,在庫あり,電子問屋ワールドいち,-0.9247655676072771,FALSE
2025-03-20 19:08:22,4549995452976,【未使用】Apple iPad Air 13インチ （第1世代/M2/2024） Wi-Fiモデル 128GB スペースグレイ MV273J/A【静岡】保証期間6ヶ月,115980,在庫あり,じゃんぱら楽天市場店,1.3014237051270854,FALSE
2025-03-20 19:08:23,4549995452976,【未使用】Apple iPad Air 13インチ （第1世代/M2/2024） Wi-Fiモデル 128GB スペースグレイ MV273J/A【静岡】保証期間6ヶ月,115980,在庫あり,じゃんぱら楽天市場店,1.3014237051270854,FALSE
2025-03-20 19:11:02,4549995504460,【送料無料・在庫あり】Apple Pencil Pro ［MX2D3ZA/A］ 【13インチ/11インチ iPad Pro(M4)・13インチ/11インチ iPad Air(M2)対応】【ポスト投函】,18589,在庫あり,らいぶshop,3.565658253941724,FALSE
2025-03-20 19:11:28,4549995514889,新品未開封 Apple Watch SE 第2世代 GPSモデル 40mm MXEF3J/A [スターライトスポーツバンド S/M] 4549995514889,32573,在庫あり,Dandyストア,-0.3121652639632747,FALSE
2025-03-20 19:11:30,4549995514896,【新品】Apple Watch SE 第2世代 40mm [ MXEG3J/A ] スターライトスポーツバンド M/L GPSモデル,34304,在庫あり,ノア商社 楽天市場店,-0.008744571078788585,FALSE
2025-03-20 19:12:21,4549995526769,Apple iPad mini 第7世代 セルラー 128GB MXPN3JA スペースグレイ【お取り寄せ（2週から3週間程度での入荷、発送）】,106100,在庫あり,激安家電の店　愛グループ,2.0388536256972496,FALSE
2025-03-20 19:12:50,4549995542479,★☆アップル / APPLE MacBook Air 13.6インチ Liquid Retinaディスプレイ MW0W3J/A [シルバー] 【Mac ノート(MacBook)】【送料無料】,163280,在庫あり,ディーライズ2号店,-0.01836997122037842,FALSE
2025-03-20 19:12:57,4549995542516,★☆アップル / APPLE MacBook Air 13.6インチ Liquid Retinaディスプレイ MW123J/A [ミッドナイト] 【Mac ノート(MacBook)】【送料無料】,165040,在庫あり,ディーライズ2号店,-0.04239597843861668,FALSE
2025-03-20 19:13:12,4549995550566,【新品】MacBook Air Liquid Retinaディスプレイ M4チップ 13.6 MC6T4J/A スカイブルー,158879,在庫あり,電子問屋ワールドいち,0.10711427833330182,FALSE
2025-03-20 19:13:34,4549995551457,★☆アップル / APPLE MacBook Air Liquid Retinaディスプレイ 13.6 MC8H4J/A [シルバー] 【Mac ノート(MacBook)】【送料無料】,156060,在庫あり,ディーライズ2号店,-0.025624599615631006,FALSE
2025-03-20 19:13:59,4549995555233,【新品】iPad Air 11インチ Wi-Fi 128GB 2025年春モデル MC9W4J/A スペースグレイ,96368,在庫あり,電子問屋 2号店,-0.02489833181176861,FALSE
2025-03-20 19:14:04,4549995555257,【新品】iPad Air 11インチ Wi-Fi 128GB 2025年春モデル MC9Y4J/A スターライト,99380,在庫あり,電子問屋ワールドいち,-0.02414389762987405,FALSE
2025-03-20 19:14:06,4549995555257,【新品】iPad Air 11インチ Wi-Fi 128GB 2025年春モデル MC9Y4J/A スターライト,99380,在庫あり,電子問屋ワールドいち,-0.02414389762987405,FALSE
2025-03-20 19:15:09,4549995560091,【新品】iPad 11インチ Wi-Fi 128GB 2025年春モデル MD4D4J/A イエロー,62917,在庫あり,電子問屋ワールドいち,-0.03813094803069541,FALSE
2025-03-20 19:15:12,4549995560114,【新品】iPad 11インチ Wi-Fi 256GB 2025年春モデル MD4G4J/A シルバー,75653,在庫あり,電子問屋ワールドいち,-0.031713730723998045,FALSE
2025-03-20 19:15:19,4549995560152,Apple iPad 11インチ (A16) Wi-Fi 512GB MD4Q4J/A シルバー【お取り寄せ商品（3週間から4週間程度での入荷、発送）】,111539,在庫あり,激安家電の店　愛グループ,0.11039707043871616,FALSE
2025-03-20 19:15:45,4550556103596,【新品・在庫あり・送料無料】 AQUOS wish3 SH-M25 SIMフリー [ブラック],20974,在庫あり,らいぶshop,-0.009534706331045004,FALSE
2025-03-20 19:16:07,4550556112604,【新品】SHARP シャープ AQUOS R8 pro SH-R80P ブラック SIMフリー,89388,在庫あり,電子問屋ワールドいち,-0.03913981861489774,FALSE
2025-03-20 19:16:13,4550556115339,【新品・在庫あり・送料無料】SHARP AQUOS sense8 SH-M26 SIMフリー [コバルトブラック]* メーカー版｜ドコモ｜au ｜ソフトバンクSIM対応,47587,在庫あり,らいぶshop,-0.004202651873332072,FALSE
2025-03-20 19:16:36,4550556144292,【新品】SHARP シャープ スマホ sense9 128GB SH-M29 コーラル,53496,在庫あり,電子問屋ワールドいち,-0.06538267545907979,FALSE
2025-03-20 19:16:38,4550556144292,【新品】SHARP シャープ スマホ sense9 128GB SH-M29 コーラル,53496,在庫あり,電子問屋ワールドいち,-0.06538267545907979,FALSE
2025-03-20 19:16:40,4550556144315,【新品・送料無料・在庫あり】AQUOS sense9 SH-M29 6G+128G SIMフリー [ホワイト] docomo｜AU ｜softbank｜楽天｜格安SIMも使用可能,52578,在庫あり,らいぶshop,-0.022818026240730177,FALSE
2025-03-20 19:16:42,4550556144322,【新品・在庫あり・送料無料】SHARP AQUOS sense9 SH-M29 6G+128G SIMフリー [ブラック]* メーカー版｜ docomo｜AU ｜softbank｜楽天｜格安SIMも使用可能,52787,在庫あり,らいぶshop,-0.024621212121212124,FALSE
2025-03-20 19:16:44,4550556144346,【新品・送料無料・在庫あり】AQUOS sense9 SH-M29 8G+256G SIMフリー [ブルー]* docomo｜AU ｜softbank｜楽天｜格安SIMも使用可能,62475,在庫あり,らいぶshop,-0.03840061440983056,FALSE
2025-03-20 19:16:49,4550556144384,【新品・在庫あり・送料無料】SHARP AQUOS sense9 SH-M29 8G+256G SIMフリー [ブラック]* docomo｜AU ｜softbank｜楽天｜格安SIMも使用可能,62536,在庫あり,らいぶshop,-0.05753372115323148,FALSE
2025-03-20 19:16:51,4550556149945,【新品・在庫あり・送料無料】AQUOS sense9 SH-M29 8G+256G [グレージュ]*｜メーカー版｜SIMフリー｜ドコモ｜au ｜ソフトバンクSIM対応,62812,在庫あり,らいぶshop,-0.038194665478388186,FALSE
2025-03-20 19:17:25,4571537802048,【在庫あり・送料無料】nubia Ivy 6GB+128GB SIMフリー [ブラック]　SIMフリー　白ロム,18854,在庫あり,らいぶshop,-0.026512540431624158,FALSE
2025-03-20 19:18:49,4580038879787,[新品未開封] 　OPPO Reno11 A ダークグリーン SIMフリー 4580038879787m,37148,在庫あり,Dandyストア,-0.013457863429601917,FALSE
2025-03-20 19:18:50,4580038879794,【送料無料・在庫あり】OPPO Reno11 A SIMフリー [コーラルパープル]【メモリ8GB／ストレージ128GB】CPH2603 PL ※開封済品発送する場合もございます。,37167,在庫あり,らいぶshop,-0.010761077183826101,FALSE
2025-03-20 19:19:00,4580130921209,【新品】Nikon ニコン ゴルフ用レーザー距離計 COOLSHOT PROII STABILIZED,42614,在庫あり,電子問屋ワールドいち,-0.05159958720330237,FALSE
2025-03-20 19:19:01,4580130921209,【新品】Nikon ニコン ゴルフ用レーザー距離計 COOLSHOT PROII STABILIZED,42614,在庫あり,電子問屋ワールドいち,-0.05159958720330237,FALSE
2025-03-20 19:19:10,4580527850884,4580527850884（新品なし）,0,在庫なし,,-100.0,FALSE
2025-03-20 19:19:24,4580555480060,【在庫あり・送料無料】[Nintendo Switch]Overcooked！ - オーバークック 王国のフルコース 【ポスト投函】,4513,在庫あり,らいぶshop,-0.08855435023245517,FALSE
2025-03-20 19:19:53,4582239436400,【新品　国内版】Motorola モトローラ edge 40 PAY50000JP イクリプスブラック SIMフリー/楽天/ドコモ/au/ソフトバンク/SIM対応,39781,在庫あり,電子問屋ワールドいち,-0.012567234705675362,FALSE
2025-03-20 19:19:57,4582239436523,【新品　国内版】Motorola モトローラ moto g53j Qualcomm Snapdragon 480+ 5G 6.5インチ 128GB インクブラック SIMフリー/楽天/ドコモ/au/ソフトバンク/SIM対応,27440,在庫あり,電子問屋ワールドいち,-0.08374904416851764,FALSE
2025-03-20 19:20:13,4582239436820,【新品・在庫あり・送料無料】Motorola edge 50 pro [リュクスラベンダー]｜SIMフリー｜白ロム ｜softbank｜AU｜docomo｜国内どのキャリアでも使用可能※メーカー保証対象外※,55249,在庫あり,らいぶshop,1.6746719667273966,FALSE
2025-03-20 19:20:18,4582239436882,【新品・送料無料・在庫あり】モトローラ｜MOTOROLA moto g64 5G [シルバーブルー] SIMフリー メモリ/ストレージ：8GB / 128GB ※メーカー保証対象外※,27279,在庫あり,らいぶshop,1.1382174106480796,FALSE
2025-03-20 19:21:26,4902370536058,【送料無料・在庫あり】ゼルダの伝説 ブレス オブ ザ ワイルド/Switchソフト 【ポスト投函】,6473,在庫あり,らいぶshop,-0.061756986259070556,FALSE
2025-03-20 19:21:28,4902370536485,【在庫あり・送料無料】任天堂 マリオカート8 デラックス Nintendo Switch ソフト【パッケージ版／ネコポス便】,5560,在庫あり,らいぶshop,-0.07189072609633358,FALSE
2025-03-20 19:21:40,4902370540734,【送料無料・在庫あり】大乱闘スマッシュブラザーズ SPECIAL Nintendo Switchソフト【パッケージ版／ネコポス便】,6537,在庫あり,らいぶshop,-0.06115272894052897,FALSE
2025-03-20 19:22:08,4902370546941,ピクミン3 デラックス,5787,在庫あり,楽天ブックス,3.895870736086176,FALSE
2025-03-20 19:22:11,4902370547627,【送料無料・在庫あり】Nintendo Switch Proコントローラー モンスターハンターライズエディション,16712,在庫あり,らいぶshop,-0.023929169657812874,FALSE
2025-03-20 19:22:18,4902370548495,【ディスプレイのみ】 Nintendo Switch 有機ELモデル 本体 のみ ニンテンドースイッチ レビュー投稿で純正ACアダプタプレゼント中,25000,在庫あり,松風オンライン 楽天市場店,-15.254237288135593,FALSE
2025-03-20 19:22:43,4902370550481,【新品】Nintendo Switch（有機ELモデル）ゼルダの伝説 ティアーズ オブ ザ キングダムエディション,51157,在庫あり,電子問屋ワールドいち,-0.04689240147711064,FALSE
2025-03-20 19:22:45,4902370550504,【送料無料・在庫あり】Nintendo Switch Proコントローラー ゼルダの伝説 ティアーズ オブ ザ キングダムエディション,8088,在庫あり,らいぶshop,-0.049431537320810674,FALSE
2025-03-20 19:22:47,4902370550504,【送料無料・在庫あり】Nintendo Switch Proコントローラー ゼルダの伝説 ティアーズ オブ ザ キングダムエディション,8088,在庫あり,らいぶshop,-0.049431537320810674,FALSE
2025-03-20 19:23:19,4902370551679,【新品・在庫あり・即納】任天堂 スーパー マリオパーティ 4人で遊べる Joy-Conセット [Nintendo Switch],13205,在庫あり,らいぶshop,-0.03028238322355969,FALSE
2025-03-20 19:23:53,4902370552492,【在庫あり・送料無料】ドンキーコング リターンズ HD Switch/ソフト/HACPBDLWA 【ポスト投函】,5639,在庫あり,らいぶshop,-0.0708842814105972,FALSE
2025-03-20 19:24:09,4904530119880,TOSHIBA(東芝) 過熱水蒸気 オーブンレンジ 石窯ドーム ER-YD3000(W) グランホワイト 30L 300℃ 2段調理 おまかせ焼き フラットテーブル 電子レンジ microwave 簡単操作 簡単料理 時短 お手軽メニュー 簡単お手入れ,63230,在庫あり,Y’sマート,-0.5817610062893082,FALSE
2025-03-20 19:25:13,4904710441107,【新品】TIGER タイガー魔法瓶 炊飯器 炊きたて ご泡火炊き JRI-A100-WM マットホワイト,45025,在庫あり,電子問屋ワールドいち,-0.02664475875391345,FALSE
2025-03-20 19:25:22,4938833024404,【在庫あり・送料無料】It Takes Two [Nintendo Switch] 【ポスト投函】,3600,在庫あり,らいぶshop,-0.11098779134295228,FALSE
2025-03-20 19:25:24,4938833024510,【送料無料・在庫あり】Nintendo switch ソフト [EA SPORTS FC 24] HACPBBAFA【ポスト投函】,4591,在庫あり,らいぶshop,-0.08705114254624592,FALSE
2025-03-20 19:26:54,4941787123369,【新品　国内版】Xiaomi Redmi12 5G XIG03 AU/UQ版128GB ミッドナイトブラック/SIMフリー/国内版/白ロム/UQ版とAU版が混在しております/楽天/docomo/AU/Softbank回線使用可,13969,在庫あり,電子問屋ワールドいち,-0.035780735651925,FALSE
2025-03-20 19:26:59,4941787123383,[新品] au Xiaomi Redmi 12 5G XIG03 4G+128GB スカイブルー SIM フリー4941787123383,14225,在庫あり,Dandyストア,-0.04216147846251142,FALSE
2025-03-20 19:27:09,4941787127640,[新品] au Redmi Note 13 Pro　5G 5G XIG05 8G+256G オーロラパープル SIMフリー4941787127640,31753,在庫あり,Dandyストア,-0.015744064487688142,FALSE
2025-03-20 19:27:10,4941787127657,【新品・在庫あり・送料無料】 Xiaomi(シャオミ)Redmi Note 13 Pro 5G XIG05 8G+256G au [オーシャンティール]白ロム・SIMフリー,32320,在庫あり,らいぶshop,-0.015467904098994586,FALSE
2025-03-20 19:29:29,4948872016858,【在庫あり・送料無料】Stellar Blade（ステラーブレイド）PS5/ソフト/ECJS00034【ポスト投函】,6446,在庫あり,らいぶshop,-0.062015503875969,FALSE
2025-03-20 19:29:39,4948872017169,"【送料無料・在庫あり】【PS5】PlayStation5 本体 (model group - slim)""モンスターハンターワイルズ"" 同梱版 【CFIJ-10025】",92349,在庫あり,らいぶshop,0.010829660273557218,FALSE
2025-03-20 19:29:41,4948872017169,"【送料無料・在庫あり】【PS5】PlayStation5 本体 (model group - slim)""モンスターハンターワイルズ"" 同梱版 【CFIJ-10025】",92349,在庫あり,らいぶshop,0.010829660273557218,FALSE
2025-03-20 19:29:50,4948872017244,【送料無料・在庫あり】[PS5] SONY PlayStation Portal(TM) リモートプレーヤー 30周年アニバーサリー リミテッドエディション [CFIJ-18030],67270,在庫あり,らいぶshop,-0.008918485046673405,FALSE
2025-03-20 19:30:15,4948872415279,【送料無料・在庫あり】SONY PS5 DualSense ワイヤレスコントローラー CFI-ZCT1J04 [ギャラクティック パープル],10969,在庫あり,らいぶshop,0.818014705882353,FALSE
2025-03-20 19:30:17,4948872415279,【送料無料・在庫あり】SONY PS5 DualSense ワイヤレスコントローラー CFI-ZCT1J04 [ギャラクティック パープル],10969,在庫あり,らいぶshop,0.818014705882353,FALSE
2025-03-20 19:30:44,4948872416207,【お得・新品・送料無料・即納】 SONY ワイヤレスヘッドセット CFI-ZWH2J ※倉庫からの移動中に箱傷みあり※ 【外箱傷あり】,21723,在庫あり,らいぶshop,-0.01841027293229622,FALSE
2025-03-20 19:31:04,4948872416610,【新品・在庫あり・送料無料】PlayStation PULSE Elite ワイヤレスヘッドセット ミッドナイト ブラック[CFI-ZWH2J01],21449,在庫あり,らいぶshop,-0.027965509205313446,FALSE
2025-03-20 19:31:11,4949776471019,【在庫あり・送料無料】ELDEN RING フロム・ソフトウェア【ポスト投函】,9132,在庫あり,らいぶshop,1.8627997769102063,FALSE
2025-03-20 19:31:30,4957792145203,【新品/取寄品】Canon EOS RP RF35 MACRO IS STM レンズキット ミラーレスカメラ キヤノン,184458,在庫あり,Outlet Plaza,0.11723711205913961,FALSE
2025-03-20 19:31:53,4960759902191,【新品/取寄品】Nikon NIKKOR Z 70-200mm f/2.8 VR S 大口径望遠ズームレンズ ニコン,334298,在庫あり,Outlet Plaza,-0.060986182444350105,FALSE
2025-03-20 19:32:06,4960759906274,【お得・新品・送料無料・即納】Nikon 標準ズームレンズ カメラレンズ NIKKOR Z 24-120F4 S ※倉庫からの移動中に箱傷みあり※ 【外箱傷あり】,139292,在庫あり,らいぶshop,-0.0028715828164484264,FALSE
2025-03-20 19:32:45,4968929077984,JBL GO3 Bluetoothスピーカー USB C充電/IP67防塵防水/パッシブラジエーター搭載/ポータブル/2020年モデル ピンク JBLGO3PINK,6717,在庫あり,ナナイロショップ　楽天市場店,-0.9876179245283019,FALSE
2025-03-20 19:33:51,4969929259141,【土日祝発送】【新品】Bose ボーズ ノイズキャンセリング機能搭載 Bluetooth対応ヘッドホン QuietComfort Headphones GRN サイプレスグリーン,35607,在庫あり,電子問屋 2号店,-0.014040211164775919,FALSE
2025-03-20 19:33:56,4969929259172,【在庫あり・送料無料】BOSE ワイヤレスイヤホン QuietComfort Ultra Earbuds [ホワイトスモーク],29692,在庫あり,らいぶshop,-0.013469827586206896,FALSE
2025-03-20 19:35:41,4974019230023,【新品・送料無料】SHARP プラズマクラスタードレープフロードライヤー beaute A IB-WX3-N [リネンゴールド],16802,在庫あり,らいぶshop,-0.14263639605372638,FALSE
2025-03-20 19:36:01,4974019269443,【新品】SHARP シャープ AQUOS sense7 Snapdragon 695 6.1型 128GB SH-M24-A ブルー SIMフリー/楽天/ドコモ/au/ソフトバンク/SIM対応,42500,在庫あり,電子問屋ワールドいち,-0.025875655712639084,FALSE
2025-03-20 19:36:19,4974305218223,STAN. NW-SA10-WA [ホワイト] 炊飯器 象印,29688,在庫あり,JHB楽天市場店,-0.003368250867324598,FALSE
2025-03-20 19:36:53,4974305224163,象印 炊飯器 圧力IH炊飯ジャー 5.5合炊き 炎舞炊き NW-PV10-TZ グレイッシュブラウン,98125,在庫あり,TalesStore 楽天市場店,-0.41912764618725773,FALSE
2025-03-20 19:38:38,4981254049075,バッファロー HD-NRLD4.0U3-BA 4TB 外付けハードディスクドライブ スタンダードモデル ブラック 送料無料,15956,在庫あり,そら坊ストア,1.844641603370141,FALSE
2025-03-20 19:38:45,4981254066553,BUFFALO WXR-11000XE12 無線LAN親機 11ax/ac/n/a/g/b 4803+4803+1147Mbps,45533,在庫あり,ISダイレクト楽天市場店,21.47964356224321,FALSE
2025-03-20 19:39:04,4986773231475,【送料無料・在庫あり】SAMSUNG GALAXY Tab SM-X510NLGAXJP｜グリーン　ストレージ：128GB／Wi-Fiモデル,63681,在庫あり,らいぶshop,-0.004710759374411155,FALSE
2025-03-20 19:39:15,4986773240057,【在庫あり・送料無料】Galaxy S24 Ultra SM-S928Q 12G+256G SIMフリー [チタニウム グレー] 【メーカー版】 日本国内どのキャリアでも使用可能,170936,在庫あり,らいぶshop,-0.00234000234000234,FALSE
2025-03-20 19:42:39,6934177798344,【新品】Xiaomi シャオミ 12T Pro 128GB ブラック,73334,在庫あり,電子問屋ワールドいち,-0.008181074447777475,FALSE
2025-03-20 19:44:02,6941812764558,【新品・在庫あり・送料無料】 Xiaomi(シャオミ) Redmi 12 5G [Polar Silver] （ 8G+256G）SIMフリー ポーラーシルバー,24912,在庫あり,らいぶshop,-0.016053941242575052,FALSE
2025-03-20 19:44:04,6941812764558,【新品・在庫あり・送料無料】 Xiaomi(シャオミ) Redmi 12 5G [Polar Silver] （ 8G+256G）SIMフリー ポーラーシルバー,24912,在庫あり,らいぶshop,-0.016053941242575052,FALSE
2025-03-20 19:44:36,6941812798317,【新品・在庫あり・送料無料】 Xiaomi(シャオミ) Redmi 14C 4G+128G [ミッドナイトブラック] SIMフリー softbank｜AU｜docomo｜国内どのキャリアでも使用可 ※開封品届く場合もございます。,17635,在庫あり,らいぶshop,-0.02834467120181406,FALSE
2025-03-20 19:44:49,7622100547020,【送料無料・在庫あり】IQOS イルマ i ワン アニバーサリーモデル【製品登録不可商品】,8888,在庫あり,らいぶshop,-0.0449842555105713,FALSE
2025-03-20 19:45:07,7622100834625,【送料無料・在庫あり】IQOS イルマ i 【デジタルバイオレット】【製品登録不可商品】IQOS ILUMA（アイコス イルマ）専用たばこ TEREA（テリア） IQOS ILUMA i,8295,在庫あり,らいぶshop,-0.04819857814194481,FALSE
2025-03-20 19:45:25,8710103996422,【ご応募で1000円キャッシュバック 対象購入期間:3/1〜4/30】シェーバー フィリップス S5000シリーズ S5444/03 送料無料 メンズ 男性 電気シェーバー 電動シェーバー 髭剃り メンズ 男性 防水 正規品 純正品 philips,9183,在庫あり,フィリップス公式オンラインストア,-5.3396557055973615,FALSE
2025-03-20 20:33:42,4540790393433,【土日祝発送】【新品】YAMAN ヤーマン RF美顔器 フォトプラス シャイニー ネオ YJFM18N シャンパンゴールド,59309,在庫あり,電子問屋 2号店,-0.02022892398981811,FALSE
2025-03-20 20:34:29,4547410441529,【お得・新品・送料無料・即納】FUJIFILM instax SQUARE SQ1 チェキスクエア [グレイシャーブルー] ※倉庫からの移動中に箱傷みあり※ 【外箱傷あり】,19900,在庫あり,らいぶshop,-0.5,FALSE
2025-03-20 20:34:30,4547410441529,【お得・新品・送料無料・即納】FUJIFILM instax SQUARE SQ1 チェキスクエア [グレイシャーブルー] ※倉庫からの移動中に箱傷みあり※ 【外箱傷あり】,19900,在庫あり,らいぶshop,-0.5,FALSE
2025-03-20 20:34:51,4547410476446,【新品・在庫あり・送料無料】FUJI FILM スマートフォン用プリンター instax mini Link 2 スペースブルー INSMINILINK2-SPBLUE,13174,在庫あり,らいぶshop,-0.015179113539769279,FALSE
2025-03-20 20:35:14,4547410520125,【在庫あり・送料無料】FUJIFILM インスタントカメラ チェキ instax mini Evo [ブラウン] 【USB Type-C 対応】,34914,在庫あり,らいぶshop,-0.005728032993470042,FALSE
2025-03-20 20:35:34,4547410554236,【在庫あり・送料無料】FUJIFILM X-T30 II XC15-45mmレンズキット,169488,在庫あり,らいぶshop,-0.001180010620095581,FALSE
2025-03-20 20:35:42,4547410555189,【新品】FUJIFILM 富士フイルム ミラーレス一眼カメラ X-M5 XC15-45mm レンズキット FX-M5LK-1545-S-JP シルバー,211860,在庫あり,電子問屋 2号店,-1.0924369747899159,FALSE
2025-03-20 20:35:43,4547410555844,【新品】FUJIFILM 富士フィルム instax mini Evo チェキ USB-C ピンク 撮影 印刷 ハイブリッドカメラ,53492,在庫あり,電子問屋ワールドいち,-0.0018694034733516536,FALSE
2025-03-20 20:36:41,4548736132528,【送料無料・在庫あり】SONY WH-1000XM4 (LM) [ミッドナイトブルー],45697,在庫あり,らいぶshop,-0.004376463379942668,FALSE
2025-03-20 20:38:38,4549046139924,【送料無料・在庫あり】OPPO Reno9 A Y!mobile版 ・SIMフリー ・白ロム・ [ナイトブラック]【Snapdragon695 5G／メモリ8GB／ストレージ128GB／防水防塵IP68】 A301OP,29105,在庫あり,らいぶshop,-0.003435717721432007,FALSE
2025-03-20 20:38:40,4549046140463,[新品未開封] softbank OPPO Reno10 Pro 5G グロッシーパープル　softbank SIMフリー 4549046140463m,51512,在庫あり,Dandyストア,-0.005823546539842764,FALSE
2025-03-20 20:38:42,4549046140463,[新品未開封] softbank OPPO Reno10 Pro 5G グロッシーパープル　softbank SIMフリー 4549046140463m,51512,在庫あり,Dandyストア,-0.005823546539842764,FALSE
2025-03-20 20:39:12,4549046144201,[新品未開封] sotbank Redmi 12 5G 4GB+128GB スカイブルー SIMフリー4549046144201m,13268,在庫あり,Dandyストア,-0.022605681561299072,FALSE
2025-03-20 20:39:13,4549046144218,[新品未開封] softbank Xiaomi Redmi 12 5G A401XM 4G+128GB ミッドナイトブラック SIM フリー4549046144218m,13272,在庫あり,Dandyストア,-0.015067048365225252,FALSE
2025-03-20 20:39:15,4549046144225,【新品・在庫あり・送料無料】Redmi 12 5G 4G+128G Softbank [ムーンライトホワイト]SIMフリー｜白ロム ｜softbank｜AU｜docomo｜国内どのキャリアでも使用可能,13871,在庫あり,らいぶshop,-0.02162318004901254,FALSE
2025-03-20 20:39:17,4549046144379,【新品・在庫あり・送料無料】moto g64y 5G 4GB+128GB Y!mobile スペースブラック ※メーカー保証対象外※,18399,在庫あり,らいぶshop,-0.06517842594101353,FALSE
2025-03-20 20:39:18,4549046144379,【新品・在庫あり・送料無料】moto g64y 5G 4GB+128GB Y!mobile スペースブラック ※メーカー保証対象外※,18399,在庫あり,らいぶshop,-0.06517842594101353,FALSE
2025-03-20 20:39:20,4549046144386,【新品・在庫あり・送料無料】moto g64y 5G 4GB+128GB Y!mobile シルバーブルー ※メーカー保証対象外※,18140,在庫あり,らいぶshop,-0.13212948689715923,FALSE
2025-03-20 20:39:23,4549046144928,【送料無料・在庫あり】OPPO Reno11 A Y!mobile版 [ダークグリーン] SIMフリー｜白ロム ｜softbank｜AU｜docomo｜国内どのキャリアでも使用可能,32477,在庫あり,らいぶshop,-0.006157825056190154,FALSE
2025-03-20 20:40:24,4549292115710,【新品・在庫あり・送料無料】CANON キャノン コントロールリング マウントアダプター [CR-EF-EOSR],25135,在庫あり,らいぶshop,-0.007956398933842543,FALSE
2025-03-20 20:41:55,4549576167718,【早い者勝ち・送料無料・在庫あり】Microsoft Xbox Series S XBOX SERIES,42081,在庫あり,らいぶshop,-0.02850830304326135,FALSE
2025-03-20 20:41:56,4549576167718,【早い者勝ち・送料無料・在庫あり】Microsoft Xbox Series S XBOX SERIES,42081,在庫あり,らいぶshop,-0.02850830304326135,FALSE
2025-03-20 20:43:33,4549576215563,【送料無料・在庫あり】Microsoft Xbox Series S [1TB ブラック],71362,在庫あり,らいぶshop,-0.0028025334902752087,FALSE
2025-03-20 20:45:01,4549980487204,パナソニック ヘアドライヤー ナノケア 高浸透ナノイー&ミネラル搭載 モイストピンク EH-NA0G-P,34490,在庫あり,Trend Item Shop,-1.9055745164960183,FALSE
2025-03-20 20:45:06,4549980487273,【新品訳・お得・在庫僅か】Panasonic ヘアードライヤー ナノケア ゴールド EH-NA9G-N ※外箱傷あり（倉庫移動中に箱傷み） 訳アリ,24739,在庫あり,らいぶshop,-0.3143006809848088,FALSE
2025-03-20 20:45:25,4549980490747,パナソニック 頭皮エステ サロンタッチタイプ〈スパイラル&スライド〉 ブラウン調 EH-HE0G-T,19040,在庫あり,Trend Item Shop,7.388606880992668,FALSE
2025-03-20 20:45:52,4549980514221,パナソニック 4K ビデオカメラ 64GB 光学20倍ズーム アーバンレッド HC-VX992MS-R,102771,在庫あり,formanism,0.15885700920006238,FALSE
2025-03-20 20:47:22,4549980705858,【土日祝発送】【新品】Panasonic パナソニック 光美容器 光エステ SMOOTHEPI（スムースエピ）フェイス＆ボディ＆VIO用 ES-WP9A-H,47679,在庫あり,電子問屋 2号店,-0.02096919625070771,FALSE
2025-03-20 20:47:56,4549980746431,パナソニック ドライヤー イオニティ 速乾 大風量 パワフルドライ 低温モード ダブルミネラルイオン ミントグリーン EH-NE7L-G,11500,在庫あり,Trend Item Shop,3.790613718411552,FALSE
2025-03-20 20:48:14,4549980797297,【新品】Technics テクニクス ワイヤレスイヤホン EAH-AZ100-S シルバー,36928,在庫あり,電子問屋 2号店,-0.008123256884460209,FALSE
2025-03-20 20:48:16,4549980800867,【新品・送料無料】Panasonic(パナソニック) ラムダッシュ ES-L320W-W [白],7615,在庫あり,らいぶshop,-0.1573357807788121,FALSE
2025-03-20 20:48:39,4549995192148,AirPods Max - グリーン MGYN3J-A ヘッドホン apple エアポッズ お祝い ギフト R-LOGI,64218,在庫あり,測定の森 楽天市場店,-0.0015571715535900592,FALSE
2025-03-20 20:48:54,4549995250022,【新品 保証未開始】iPad 10.2インチ 第9世代 Wi-Fi 256GB MK2P3J/A シルバー,54779,在庫あり,電子問屋ワールドいち,-0.021901407165410378,FALSE
2025-03-20 20:49:16,4549995303612,Apple Magic Mouse - ブラック(Multi-Touch対応) ​​​​​​​,17686,在庫あり,kokolohasstyle,-3.8386254893431926,FALSE
2025-03-20 20:49:52,4549995348125,Apple アップル iPad Pro 12.9インチ 第6世代 Wi-Fi 512GB 2022年秋モデル MNXV3J/A [シルバー][ラッピング可],193889,在庫あり,測定の森 楽天市場店,-0.0005157563566970963,FALSE
2025-03-20 20:50:45,4549995361599,【お得・新品・送料無料・即納】 Apple(アップル)iPad 10.9インチ 第10世代 Wi-Fi 256GB 2022年秋モデル MPQ83J/A [シルバー]※外箱傷あり（倉庫移動中に箱傷み）,69790,在庫あり,らいぶshop,-0.001432849507816194,FALSE
2025-03-20 20:50:46,4549995361605,【お得・新品・送料無料・即納】 iPad 10.9インチ 第10世代 Wi-Fi 256GB 2022年秋モデル MPQ93J/A [ブルー]※外箱傷あり（倉庫移動中に箱傷み）,69286,在庫あり,らいぶshop,-0.28926273979305483,FALSE
2025-03-20 20:51:33,4549995400441,★アップル / APPLE Apple Watch Ultra 2 GPS+Cellularモデル 49mm MRF13J/A [オレンジ/ベージュトレイルループ S/M]【送料無料】,113780,在庫あり,ディーライズ2号店,6.845713212508217,FALSE
2025-03-20 20:51:45,4549995400618,【新品】Apple Watch Ultra 2 GPS+Cellularモデル 49mm MRF53J/A [ ブルー / ブラックトレイルループ S / M ],118249,在庫あり,ノア商社 楽天市場店,0.1270120830828373,FALSE
2025-03-20 20:51:53,4549995400793,★アップル / APPLE Apple Watch Series 9 GPSモデル 41mm MR8T3J/A [スターライトスポーツバンド S/M]【送料無料】,56980,在庫あり,ディーライズ2号店,1.1180124223602486,FALSE
2025-03-20 20:53:24,4549995437157,Apple Mac mini MU9D3J/A [シルバー]【お取り寄せ（2週から3週間程度での入荷、発送）】,96792,在庫あり,激安家電の店　愛グループ,-0.10011456408880264,FALSE
2025-03-20 20:57:41,4549995514889,新品未開封 Apple Watch SE 第2世代 GPSモデル 40mm MXEF3J/A [スターライトスポーツバンド S/M] 4549995514889,32522,在庫あり,Dandyストア,-0.15657139348540203,FALSE
2025-03-20 20:57:42,4549995514896,【新品】Apple Watch SE 第2世代 40mm [ MXEG3J/A ] スターライトスポーツバンド M/L GPSモデル,34303,在庫あり,ノア商社 楽天市場店,-0.002915111940298507,FALSE
2025-03-20 20:58:55,4549995542493,Apple MacBook Air 13.6インチ M4 MW0Y3J/A スターライト【お取り寄せ商品（3週間から4週間程度での入荷、発送）】,163866,在庫あり,激安家電の店　愛グループ,-0.06708298775430552,FALSE
2025-03-20 20:59:30,4549995551457,★☆アップル / APPLE MacBook Air Liquid Retinaディスプレイ 13.6 MC8H4J/A [シルバー] 【Mac ノート(MacBook)】【送料無料】,156050,在庫あり,ディーライズ2号店,-0.0064077918749199025,FALSE
2025-03-20 20:59:49,4549995553871,Apple MacBook Pro 14.2 MCX04J/A [スペースブラック]【お取り寄せ（2週から3週間程度での入荷、発送）】,355443,在庫あり,激安家電の店　愛グループ,20.378159798423148,FALSE
2025-03-20 20:59:52,4549995555233,【新品】iPad Air 11インチ Wi-Fi 128GB 2025年春モデル MC9W4J/A スペースグレイ,96356,在庫あり,電子問屋 2号店,-0.012452266312468869,FALSE
2025-03-20 20:59:57,4549995555257,【新品】iPad Air 11インチ Wi-Fi 128GB 2025年春モデル MC9Y4J/A スターライト,99368,在庫あり,電子問屋ワールドいち,-0.012074864157778226,FALSE
2025-03-20 20:59:59,4549995555257,【新品】iPad Air 11インチ Wi-Fi 128GB 2025年春モデル MC9Y4J/A スターライト,99368,在庫あり,電子問屋ワールドいち,-0.012074864157778226,FALSE
2025-03-20 21:00:11,4549995555325,【新品】iPad Air 11インチ Wi-Fi 512GB 2025年春モデル MCA94J/A ブルー,156083,在庫あり,電子問屋ワールドいち,-0.10688,FALSE
2025-03-20 21:00:34,4549995556384,【新品】iPad Air 13インチ Wi-Fi 256GB 2025年春モデル MCNR4J/A パープル,150877,在庫あり,電子問屋 2号店,-0.10725706605578691,FALSE
2025-03-20 21:00:51,4549995560084,【新品】iPad 11インチ Wi-Fi 128GB 2025年春モデル MD4A4J/A ブルー,60855,在庫あり,電子問屋ワールドいち,-0.10177782884908974,FALSE
2025-03-20 21:00:53,4549995560084,【新品】iPad 11インチ Wi-Fi 128GB 2025年春モデル MD4A4J/A ブルー,60855,在庫あり,電子問屋ワールドいち,-0.10177782884908974,FALSE
2025-03-20 21:00:54,4549995560091,【新品】iPad 11インチ Wi-Fi 128GB 2025年春モデル MD4D4J/A イエロー,62905,在庫あり,電子問屋ワールドいち,-0.019072746634454917,FALSE
2025-03-20 21:00:58,4549995560114,【新品】iPad 11インチ Wi-Fi 256GB 2025年春モデル MD4G4J/A シルバー,75641,在庫あり,電子問屋ワールドいち,-0.015861895760908358,FALSE
2025-03-20 21:00:59,4549995560121,【新品】iPad 11インチ Wi-Fi 256GB 2025年春モデル MD4H4J/A ブルー,77880,在庫あり,電子問屋ワールドいち,0.11440912187785218,FALSE
2025-03-20 21:01:13,4550161442844,NEC Wi-Fi PA-WX5400HP 無線LANルータ dual_band Aterm,26270,在庫あり,Trend Item Shop,1.1162432640492685,FALSE
2025-03-20 21:01:25,4550556103596,【新品・在庫あり・送料無料】 AQUOS wish3 SH-M25 SIMフリー [ブラック],20973,在庫あり,らいぶshop,-0.004767807761991036,FALSE
2025-03-20 21:01:39,4550556112598,【在庫あり・送料無料】AQUOS R8 SH-R80 SIMフリー [クリーム] *　SIMフリースマートフォン　　SoftBank｜ au ｜ドコモ SIM対応,71972,在庫あり,らいぶshop,-0.005557408024897187,FALSE
2025-03-20 21:01:41,4550556112604,【在庫あり・送料無料】SHARP AQUOS R8 Pro SH-R80P [ブラック] SIMフリースマートフォン　 SoftBank｜ドコモ｜au｜SIM対応,89375,在庫あり,らいぶshop,-0.014543339150668994,FALSE
2025-03-20 21:01:46,4550556115339,【新品・在庫あり・送料無料】SHARP AQUOS sense8 SH-M26 SIMフリー [コバルトブラック]* メーカー版｜ドコモ｜au ｜ソフトバンクSIM対応,47586,在庫あり,らいぶshop,-0.0021014142517914555,FALSE
2025-03-20 21:02:06,4550556144292,【新品・送料無料・在庫あり】AQUOS sense9 SH-M29 6G+128G SIMフリー [コーラル]* docomo｜AU ｜softbank｜楽天｜格安SIMも使用可能,53483,在庫あり,らいぶshop,-0.024300882308957678,FALSE
2025-03-20 21:02:08,4550556144292,【新品・送料無料・在庫あり】AQUOS sense9 SH-M29 6G+128G SIMフリー [コーラル]* docomo｜AU ｜softbank｜楽天｜格安SIMも使用可能,53483,在庫あり,らいぶshop,-0.024300882308957678,FALSE
2025-03-20 21:02:09,4550556144315,【新品・送料無料・在庫あり】AQUOS sense9 SH-M29 6G+128G SIMフリー [ホワイト] docomo｜AU ｜softbank｜楽天｜格安SIMも使用可能,52572,在庫あり,らいぶshop,-0.011411617026132602,FALSE
2025-03-20 21:02:11,4550556144322,【新品・在庫あり・送料無料】SHARP AQUOS sense9 SH-M29 6G+128G SIMフリー [ブラック]* メーカー版｜ docomo｜AU ｜softbank｜楽天｜格安SIMも使用可能,52781,在庫あり,らいぶshop,-0.011366434917688068,FALSE
2025-03-20 21:02:13,4550556144346,【新品】SHARP シャープ スマホ sense9 SH-M29B-A 8GB/256GB ブルー SIMフリー,62452,在庫あり,電子問屋ワールドいち,-0.03681472589035614,FALSE
2025-03-20 21:02:18,4550556144384,【新品】SHARP シャープ スマホ sense9 SH-M29B-B 8GB/256GB ブラック SIMフリー,62513,在庫あり,電子問屋ワールドいち,-0.03677881540232826,FALSE
2025-03-20 21:02:19,4550556149945,【新品・在庫あり・送料無料】AQUOS sense9 SH-M29 8G+256G [グレージュ]*｜メーカー版｜SIMフリー｜ドコモ｜au ｜ソフトバンクSIM対応,62800,在庫あり,らいぶshop,-0.019104629688594534,FALSE
2025-03-20 21:02:50,4571537802048,【在庫あり・送料無料】nubia Ivy 6GB+128GB SIMフリー [ブラック]　SIMフリー　白ロム,18850,在庫あり,らいぶshop,-0.021215657154980375,FALSE
2025-03-20 21:03:11,4573173356350,釣りスピリッツ Nintendo Switchバージョン -Switch,6060,在庫あり,Trend Item Shop,-5.164319248826291,FALSE
2025-03-20 21:04:01,4580038879787,[新品未開封] 　OPPO Reno11 A ダークグリーン SIMフリー 4580038879787m,37144,在庫あり,Dandyストア,-0.01076773985140519,FALSE
2025-03-20 21:04:03,4580038879794,【送料無料・在庫あり】OPPO Reno11 A SIMフリー [コーラルパープル]【メモリ8GB／ストレージ128GB】CPH2603 PL ※開封済品発送する場合もございます。,37165,在庫あり,らいぶshop,-0.005381117658137595,FALSE
2025-03-20 21:04:11,4580130921209,【新品】Nikon ニコン ゴルフ用レーザー距離計 COOLSHOT PROII STABILIZED,42603,在庫あり,電子問屋ワールドいち,-0.02581311306143521,FALSE
2025-03-20 21:04:13,4580130921209,【新品】Nikon ニコン ゴルフ用レーザー距離計 COOLSHOT PROII STABILIZED,42603,在庫あり,電子問屋ワールドいち,-0.02581311306143521,FALSE
2025-03-20 21:04:33,4580555480060,【在庫あり・送料無料】[Nintendo Switch]Overcooked！ - オーバークック 王国のフルコース 【ポスト投函】,4511,在庫あり,らいぶshop,-0.044316419233325945,FALSE
2025-03-20 21:04:59,4582239436400,【新品　国内版】Motorola モトローラ edge 40 PAY50000JP イクリプスブラック SIMフリー/楽天/ドコモ/au/ソフトバンク/SIM対応,39779,在庫あり,電子問屋ワールドいち,-0.0050275257032251575,FALSE
2025-03-20 21:05:01,4582239436523,【新品　国内版】Motorola モトローラ moto g53j Qualcomm Snapdragon 480+ 5G 6.5インチ 128GB インクブラック SIMフリー/楽天/ドコモ/au/ソフトバンク/SIM対応,27428,在庫あり,電子問屋ワールドいち,-0.043731778425655975,FALSE
2025-03-20 21:06:12,4902370536058,【送料無料・在庫あり】ゼルダの伝説 ブレス オブ ザ ワイルド/Switchソフト 【ポスト投函】,6471,在庫あり,らいぶshop,-0.030897574540398577,FALSE
2025-03-20 21:06:13,4902370536485,【在庫あり・送料無料】任天堂 マリオカート8 デラックス Nintendo Switch ソフト【パッケージ版／ネコポス便】,5558,在庫あり,らいぶshop,-0.03597122302158273,FALSE
2025-03-20 21:06:23,4902370540734,【送料無料・在庫あり】大乱闘スマッシュブラザーズ SPECIAL Nintendo Switchソフト【パッケージ版／ネコポス便】,6535,在庫あり,らいぶshop,-0.03059507419305492,FALSE
2025-03-20 21:06:51,4902370547627,【送料無料・在庫あり】Nintendo Switch Proコントローラー モンスターハンターライズエディション,16710,在庫あり,らいぶshop,-0.011967448539971278,FALSE
2025-03-20 21:07:21,4902370550504,【新品】Nintendo Switch Pro コントローラー ゼルダの伝説 ティアーズ オブ ザ キングダムエディション,8085,在庫あり,電子問屋ワールドいち,-0.0370919881305638,FALSE
2025-03-20 21:07:23,4902370550504,【新品】Nintendo Switch Pro コントローラー ゼルダの伝説 ティアーズ オブ ザ キングダムエディション,8085,在庫あり,電子問屋ワールドいち,-0.0370919881305638,FALSE
2025-03-20 21:07:52,4902370551679,【新品・在庫あり・即納】任天堂 スーパー マリオパーティ 4人で遊べる Joy-Conセット [Nintendo Switch],13203,在庫あり,らいぶshop,-0.015145778114350625,FALSE
2025-03-20 21:08:20,4902370552492,【在庫あり・送料無料】ドンキーコング リターンズ HD Switch/ソフト/HACPBDLWA 【ポスト投函】,5637,在庫あり,らいぶshop,-0.03546728143287817,FALSE
2025-03-20 21:09:34,4904710441107,【新品】TIGER タイガー魔法瓶 炊飯器 炊きたて ご泡火炊き JRI-A100-WM マットホワイト,45014,在庫あり,電子問屋ワールドいち,-0.024430871737923375,FALSE
2025-03-20 21:09:42,4938833024404,【在庫あり・送料無料】It Takes Two [Nintendo Switch] 【ポスト投函】,3598,在庫あり,らいぶshop,-0.05555555555555555,FALSE
2025-03-20 21:09:44,4938833024510,【送料無料・在庫あり】Nintendo switch ソフト [EA SPORTS FC 24] HACPBBAFA【ポスト投函】,4589,在庫あり,らいぶshop,-0.04356349379220214,FALSE
2025-03-20 21:11:02,4941787123369,【新品　国内版】Xiaomi Redmi12 5G XIG03 AU/UQ版128GB ミッドナイトブラック/SIMフリー/国内版/白ロム/UQ版とAU版が混在しております/楽天/docomo/AU/Softbank回線使用可,13967,在庫あり,電子問屋ワールドいち,-0.014317417137948315,FALSE
2025-03-20 21:11:19,4941787127640,【新品・在庫あり・送料無料】 Xiaomi(シャオミ)Redmi Note 13 Pro 5G XIG05 8G+256G au [オーロラパープル] 白ロム・SIMフリー,31750,在庫あり,らいぶshop,-0.009447926180203445,FALSE
2025-03-20 21:11:21,4941787127657,[新品]au Redmi Note 13 Pro　 5G 8G+256G オーシャンティール SIMフリー4941787127657,32317,在庫あり,Dandyストア,-0.009282178217821782,FALSE
2025-03-20 21:13:24,4948872016858,【在庫あり・送料無料】Stellar Blade（ステラーブレイド）PS5/ソフト/ECJS00034【ポスト投函】,6444,在庫あり,らいぶshop,-0.031026993484331366,FALSE
2025-03-20 21:13:43,4948872017244,【送料無料・在庫あり】[PS5] SONY PlayStation Portal(TM) リモートプレーヤー 30周年アニバーサリー リミテッドエディション [CFIJ-18030],67268,在庫あり,らいぶshop,-0.0029730935037906945,FALSE
2025-03-20 21:14:31,4948872416207,【お得・新品・送料無料・即納】 SONY ワイヤレスヘッドセット CFI-ZWH2J ※倉庫からの移動中に箱傷みあり※ 【外箱傷あり】,21721,在庫あり,らいぶshop,-0.00920683146894996,FALSE
2025-03-20 21:14:49,4948872416610,【新品・在庫あり・送料無料】PlayStation PULSE Elite ワイヤレスヘッドセット ミッドナイト ブラック[CFI-ZWH2J01],21447,在庫あり,らいぶshop,-0.00932444403002471,FALSE
2025-03-20 21:15:46,4960759906274,【お得・新品・送料無料・即納】Nikon 標準ズームレンズ カメラレンズ NIKKOR Z 24-120F4 S ※倉庫からの移動中に箱傷みあり※ 【外箱傷あり】,139290,在庫あり,らいぶshop,-0.0014358326393475577,FALSE
2025-03-20 21:17:15,4969929259141,【土日祝発送】【新品】Bose ボーズ ノイズキャンセリング機能搭載 Bluetooth対応ヘッドホン QuietComfort Headphones GRN サイプレスグリーン,35605,在庫あり,電子問屋 2号店,-0.005616873086752605,FALSE
2025-03-20 21:17:20,4969929259172,【在庫あり・送料無料】BOSE ワイヤレスイヤホン QuietComfort Ultra Earbuds [ホワイトスモーク],29690,在庫あり,らいぶshop,-0.006735821096591675,FALSE
2025-03-20 21:17:28,4969929259554,【お得・新品・送料無料・即納】BOSE｜Bluetoot対応ヘッドホン QuietComfort Ultra Headphones WHITE SMOKE ※倉庫からの移動中に箱傷みあり※ 【外箱傷あり】,46711,在庫あり,らいぶshop,-0.019263698630136987,FALSE
2025-03-20 21:18:36,4974019214696,シャープ 1TB 2チューナー AQUOS ブルーレイレコーダー Wi-Fi 2B-C10EW1 どんどん自動録画 テキパキ再生 (2022年モデル),57780,在庫あり,プレフェールショップ　楽天市場店,2.4286474029427407,FALSE
2025-03-20 21:18:53,4974019230023,【新品・送料無料】SHARP プラズマクラスタードレープフロードライヤー beaute A IB-WX3-N [リネンゴールド],16790,在庫あり,らいぶshop,-0.07142006903940007,FALSE
2025-03-20 21:19:10,4974019269443,【新品】SHARP シャープ AQUOS sense7 Snapdragon 695 6.1型 128GB SH-M24-A ブルー SIMフリー/楽天/ドコモ/au/ソフトバンク/SIM対応,42489,在庫あり,電子問屋ワールドいち,-0.025882352941176467,FALSE
2025-03-20 21:19:26,4974305218223,STAN. NW-SA10-WA [ホワイト] 炊飯器 象印,29687,在庫あり,JHB楽天市場店,-0.0033683643222850983,FALSE
2025-03-20 21:20:22,4974305227430,象印 加湿器 広いリビングでも使えるハイパワー加湿タイプ 4.0L スチーム式 蒸気式 フィルター不要 お手入れ簡単 ソフトブラック EE-TA60-BM,50276,在庫あり,MONOPARK,-3.3098063349808644,FALSE
2025-03-20 21:20:24,4974305227782,象印 加湿器 スチーム式 4.0L ホワイト EE-DE50-WA,38510,在庫あり,Trend Item Shop,2.9679144385026737,FALSE
2025-03-20 21:20:26,4974305227799,象印 加湿器 スチーム式 4.0L グレー EE-DE50-HA,38044,在庫あり,MONOPARK,0.6455026455026455,FALSE
2025-03-20 21:21:58,4986773231475,【送料無料・在庫あり】SAMSUNG GALAXY Tab SM-X510NLGAXJP｜グリーン　ストレージ：128GB／Wi-Fiモデル,63680,在庫あり,らいぶshop,-0.0015703270991347497,FALSE
2025-03-20 21:22:08,4986773240057,【在庫あり・送料無料】Galaxy S24 Ultra SM-S928Q 12G+256G SIMフリー [チタニウム グレー] 【メーカー版】 日本国内どのキャリアでも使用可能,170934,在庫あり,らいぶshop,-0.0011700285486965882,FALSE
2025-03-20 21:22:38,4987176171689,★BRAUN / ブラウン ブラウン シリーズ7 71-S7500cc-V [シルバー] 【シェーバー】【送料無料】,23550,在庫あり,ディーライズ2号店,25.265957446808514,FALSE
2025-03-20 21:25:05,6934177798344,【新品】Xiaomi シャオミ 12T Pro 128GB ブラック,73328,在庫あり,電子問屋ワールドいち,-0.00818174380232907,FALSE
2025-03-20 21:26:18,6941812764558,【新品・在庫あり・送料無料】 Xiaomi(シャオミ) Redmi 12 5G [Polar Silver] （ 8G+256G）SIMフリー ポーラーシルバー,24910,在庫あり,らいぶshop,-0.008028259473346178,FALSE
2025-03-20 21:26:19,6941812764558,【新品・在庫あり・送料無料】 Xiaomi(シャオミ) Redmi 12 5G [Polar Silver] （ 8G+256G）SIMフリー ポーラーシルバー,24910,在庫あり,らいぶshop,-0.008028259473346178,FALSE
2025-03-20 21:26:48,6941812798317,【新品・在庫あり・送料無料】 Xiaomi(シャオミ) Redmi 14C 4G+128G [ミッドナイトブラック] SIMフリー softbank｜AU｜docomo｜国内どのキャリアでも使用可 ※開封品届く場合もございます。,17633,在庫あり,らいぶshop,-0.011341083073433513,FALSE
2025-03-20 21:26:49,6941812798317,【新品・在庫あり・送料無料】 Xiaomi(シャオミ) Redmi 14C 4G+128G [ミッドナイトブラック] SIMフリー softbank｜AU｜docomo｜国内どのキャリアでも使用可 ※開封品届く場合もございます。,17633,在庫あり,らいぶshop,-0.03968253968253968,FALSE
2025-03-20 21:26:57,7622100547020,【送料無料・在庫あり】IQOS イルマ i ワン アニバーサリーモデル【製品登録不可商品】,8886,在庫あり,らいぶshop,-0.022502250225022502,FALSE
2025-03-20 21:27:16,7622100834625,【送料無料・在庫あり】IQOS イルマ i 【デジタルバイオレット】【製品登録不可商品】IQOS ILUMA（アイコス イルマ）専用たばこ TEREA（テリア） IQOS ILUMA i,8293,在庫あり,らいぶshop,-0.024110910186859555,FALSE
2025-03-20 22:35:28,4540790393433,【土日祝発送】【新品】YAMAN ヤーマン RF美顔器 フォトプラス シャイニー ネオ YJFM18N シャンパンゴールド,59297,在庫あり,電子問屋 2号店,-0.02023301691142997,FALSE
2025-03-20 22:36:48,4547410476408,【新品】FUJIFILM 富士フイルム スマートフォン用プリンター “チェキ” instax mini Link 2 ソフトピンク,13180,在庫あり,電子問屋ワールドいち,-0.09096422073984232,FALSE
2025-03-20 22:36:50,4547410476446,【土日祝発送】【新品】FUJIFILM 富士フィルム スマートフォン用プリンター instax mini Link 2 スペースブルー,13171,在庫あり,電子問屋 2号店,-0.022772126916654013,FALSE
2025-03-20 22:37:17,4547410520125,【在庫あり・送料無料】FUJIFILM インスタントカメラ チェキ instax mini Evo [ブラウン] 【USB Type-C 対応】,34910,在庫あり,らいぶshop,-0.011456722231769492,FALSE
2025-03-20 22:37:40,4547410554236,【在庫あり・送料無料】FUJIFILM X-T30 II XC15-45mmレンズキット,169486,在庫あり,らいぶshop,-0.0011800245445105259,FALSE
2025-03-20 22:37:42,4547410554267,【新品】FUJIFILM X100VI Black 2025年版,315000,在庫あり,電子問屋 2号店,-0.9838745167070065,FALSE
2025-03-20 22:37:51,4547410555844,【新品】FUJIFILM 富士フィルム instax mini Evo チェキ USB-C ピンク 撮影 印刷 ハイブリッドカメラ,53490,在庫あり,電子問屋ワールドいち,-0.0037388768413968445,FALSE
2025-03-20 22:38:20,4548736103825,ソニー ウォークマン 16GB Aシリーズ NW-A105 : ハイレゾ対応 / MP3プレーヤー / bluetooth / android搭載 / microSD対応 タッチパネル搭載 最大26時間連続再生 360 Reality Audio再生可能モデル レッド NW-A105 RM,39950,在庫あり,Trend Item Shop,-1.3823747222907923,FALSE
2025-03-20 22:41:12,4549046139924,【送料無料・在庫あり】OPPO Reno9 A Y!mobile版 ・SIMフリー ・白ロム・ [ナイトブラック]【Snapdragon695 5G／メモリ8GB／ストレージ128GB／防水防塵IP68】 A301OP,29103,在庫あり,らいぶshop,-0.006871671534100669,FALSE
2025-03-20 22:41:14,4549046140463,【送料無料・新品】OPPO Reno10 Pro 5G Softbank [グロッシーパープル] A302OP 白ロム・SIMフリー,51509,在庫あり,らいぶshop,-0.005823885696536729,FALSE
2025-03-20 22:41:16,4549046140463,【送料無料・新品】OPPO Reno10 Pro 5G Softbank [グロッシーパープル] A302OP 白ロム・SIMフリー,51509,在庫あり,らいぶshop,-0.005823885696536729,FALSE
2025-03-20 22:41:43,4549046141828,【新品】ZTE Libero Flip A304ZT Y!mobile版 ゴールド SIMロック解除済み/楽天/ドコモ/au/ソフトバンク/SIM対応,20329,在庫あり,電子問屋ワールドいち,-0.009837194432147952,FALSE
2025-03-20 22:41:49,4549046141842,【新品】ZTE スマホ Libero Flip A304ZT Y!mobile版 ブルー SIMロック解除済み/楽天/ドコモ/au/ソフトバンク/SIM対応,20385,在庫あり,電子問屋ワールドいち,-0.00981017314955609,FALSE
2025-03-20 22:41:51,4549046144201,[新品未開封] sotbank Redmi 12 5G 4GB+128GB スカイブルー SIMフリー4549046144201m,13264,在庫あり,Dandyストア,-0.030147723846849564,FALSE
2025-03-20 22:41:53,4549046144218,【新品　国内版】Xiaomi シャオミ Redmi 12 5G SoftBank版 4GB+128GB A401XM ミッドナイトブラック SIMロック解除済み/楽天/ドコモ/au/ソフトバンク/SIM対応,13269,在庫あり,電子問屋ワールドいち,-0.022603978300180832,FALSE
2025-03-20 22:41:55,4549046144225,【新品・在庫あり・送料無料】Redmi 12 5G 4G+128G Softbank [ムーンライトホワイト]SIMフリー｜白ロム ｜softbank｜AU｜docomo｜国内どのキャリアでも使用可能,13867,在庫あり,らいぶshop,-0.028837142239204094,FALSE
2025-03-20 22:41:57,4549046144379,【新品　国内版】Motorola モトローラ スマホ moto g64y 5G 4GB+128GB Y!mobile版 スペースブラック SIMロック解除済み/楽天/ドコモ/au/ソフトバンク/SIM対応,18364,在庫あり,電子問屋 2号店,-0.19022772976792218,FALSE
2025-03-20 22:41:58,4549046144379,【新品　国内版】Motorola モトローラ スマホ moto g64y 5G 4GB+128GB Y!mobile版 スペースブラック SIMロック解除済み/楽天/ドコモ/au/ソフトバンク/SIM対応,18364,在庫あり,電子問屋 2号店,-0.19022772976792218,FALSE
2025-03-20 22:42:00,4549046144386,【国内版 新品】Motorola モトローラ moto g64y 5G 4GB+128GB Y!mobile版 シルバーブルー SIMロック解除済み/楽天/ドコモ/au/ソフトバンク/SIM対応/白ロム,18117,在庫あり,電子問屋ワールドいち,-0.12679162072767367,FALSE
2025-03-20 22:42:04,4549046144928,【送料無料・在庫あり】OPPO Reno11 A Y!mobile版 [ダークグリーン] SIMフリー｜白ロム ｜softbank｜AU｜docomo｜国内どのキャリアでも使用可能,32473,在庫あり,らいぶshop,-0.012316408535271117,FALSE
2025-03-20 22:42:06,4549046144935,【新品　国内版】OPPO オッポ Reno11 A Y!mobile版 コーラルパープル SIMロック解除済み/楽天/ドコモ/au/ソフトバンク/SIM対応,32603,在庫あり,電子問屋ワールドいち,-0.006134028523232633,FALSE
2025-03-20 22:42:08,4549046144935,【新品　国内版】OPPO オッポ Reno11 A Y!mobile版 コーラルパープル SIMロック解除済み/楽天/ドコモ/au/ソフトバンク/SIM対応,32603,在庫あり,電子問屋ワールドいち,-0.006134028523232633,FALSE
2025-03-20 22:43:11,4549292115710,【新品・在庫あり・送料無料】CANON キャノン コントロールリング マウントアダプター [CR-EF-EOSR],25133,在庫あり,らいぶshop,-0.007957032027053909,FALSE
2025-03-20 22:44:59,4549576167718,【早い者勝ち・送料無料・在庫あり】Microsoft Xbox Series S XBOX SERIES,42069,在庫あり,らいぶshop,-0.028516432594282458,FALSE
2025-03-20 22:45:00,4549576167718,【早い者勝ち・送料無料・在庫あり】Microsoft Xbox Series S XBOX SERIES,42069,在庫あり,らいぶshop,-0.028516432594282458,FALSE
2025-03-20 22:46:57,4549576215563,【送料無料・在庫あり】Microsoft Xbox Series S [1TB ブラック],71360,在庫あり,らいぶshop,-0.002802612034416076,FALSE
2025-03-20 22:48:49,4549980487273,【新品訳・お得・在庫僅か】Panasonic ヘアードライヤー ナノケア ゴールド EH-NA9G-N ※外箱傷あり（倉庫移動中に箱傷み） 訳アリ,24700,在庫あり,らいぶshop,-0.1576458223857068,FALSE
2025-03-20 22:49:39,4549980514214,HC-VX992MS-T パナソニック Panasonic) デジタル4Kビデオカメラ デジタルカメラ カメラ カカオブラウン,98006,在庫あり,apex楽天市場店,-0.002040649742878132,FALSE
2025-03-20 22:49:41,4549980514214,HC-VX992MS-T パナソニック Panasonic) デジタル4Kビデオカメラ デジタルカメラ カメラ カカオブラウン,98006,在庫あり,apex楽天市場店,-0.002040649742878132,FALSE
2025-03-20 22:49:42,4549980514221,パナソニック 4K ビデオカメラ 64GB 光学20倍ズーム アーバンレッド HC-VX992MS-R,106730,在庫あり,kai-shop 楽天市場店,3.8522540405367276,FALSE
2025-03-20 22:51:28,4549980703472,パナソニック(Panasonic) ES-LVG8-K ラムダッシュ メンズシェーバー 往復式 5枚刃 充電式,22922,在庫あり,MONOPARK,-1.0019866977628056,FALSE
2025-03-20 22:52:29,4549980797280,【新品未開封】Technics EAH-AZ100-K(ブラック) Bluetooth5.3 IPX4 磁性流体ドライバー搭載4549980797280,37880,在庫あり,Dandyストア,2.4808592376159946,FALSE
2025-03-20 22:52:31,4549980797297,【新品】Technics テクニクス ワイヤレスイヤホン EAH-AZ100-S シルバー,36925,在庫あり,電子問屋 2号店,-0.008123916811091855,FALSE
2025-03-20 22:52:33,4549980800867,【新品・送料無料】Panasonic(パナソニック) ラムダッシュ ES-L320W-W [白],7603,在庫あり,らいぶshop,-0.15758371634931057,FALSE
2025-03-20 22:53:00,4549995192148,【新品未開封】AirPods Max MGYN3J/A グリーン,64195,在庫あり,電子問屋ワールドいち,-0.03581550344140272,FALSE
2025-03-20 22:53:14,4549995250022,[新品未開封] Apple iPad 10.2インチ 第9世代 Wi-Fi 256GB シルバー 銀 silver MK2P3J/A(アップル)4549995250022,54766,在庫あり,Dandyストア,-0.023731722010259405,FALSE
2025-03-20 22:54:26,4549995348071,【お得・新品・送料無料・即納】Apple(アップル) iPad Pro 12.9インチ 第6世代 Wi-Fi 128GB 2022年秋モデル MNXP3J/A [スペースグレイ] ※外箱傷あり（倉庫移動中に箱傷み）,168649,在庫あり,らいぶshop,-0.005336242573729085,FALSE
2025-03-20 22:54:35,4549995348125,★アップル / APPLE iPad Pro 12.9インチ 第6世代 Wi-Fi 512GB 2022年秋モデル MNXV3J/A [シルバー] 【タブレットPC】【送料無料】,193870,在庫あり,ディーライズ2号店,-0.009799421318383197,FALSE
2025-03-20 22:55:37,4549995361599,【お得・新品・送料無料・即納】 Apple(アップル)iPad 10.9インチ 第10世代 Wi-Fi 256GB 2022年秋モデル MPQ83J/A [シルバー]※外箱傷あり（倉庫移動中に箱傷み）,69788,在庫あり,らいぶshop,-0.0028657400773749817,FALSE
2025-03-20 22:55:38,4549995361605,[新品未開封] Apple iPad 10.9インチ 第10世代 Wi-Fi 256GB ブルー MPQ93J/A　4549995361605,69283,在庫あり,Dandyストア,-0.004329879052045147,FALSE
2025-03-20 22:56:07,4549995398823,★アップル / APPLE Apple Watch SE 第2世代 GPSモデル 40mm MRE33J/A [シルバー/ウインターブルースポーツループ]【送料無料】,34680,在庫あり,ディーライズ2号店,-0.05763688760806917,FALSE
2025-03-20 22:56:26,4549995400397,★アップル / APPLE Apple Watch Ultra 2 GPS+Cellularモデル 49mm MREQ3J/A [ブルーアルパインループ L]【送料無料】,114680,在庫あり,ディーライズ2号店,-0.14801915542011318,FALSE
2025-03-20 22:57:01,4549995400793,★アップル / APPLE Apple Watch Series 9 GPSモデル 41mm MR8T3J/A [スターライトスポーツバンド S/M]【送料無料】,56810,在庫あり,ディーライズ2号店,-0.29835029835029836,FALSE
2025-03-20 22:57:27,4549995400984,★アップル / APPLE Apple Watch Series 9 GPSモデル 45mm MR9H3J/A [ピンク/ライトピンクスポーツバンド M/L]【送料無料】,59670,在庫あり,ディーライズ2号店,-0.01675603217158177,FALSE
2025-03-20 23:00:00,4549995451283,【新品】Apple iPad Pro 11インチ Wi-Fiモデル 7世代 2TB（標準ガラス搭載）MVVH3J/A シルバー,251127,在庫あり,電子問屋ワールドいち,-0.42427150204007186,FALSE
2025-03-20 23:03:57,4549995514889,新品未開封 Apple Watch SE 第2世代 GPSモデル 40mm MXEF3J/A [スターライトスポーツバンド S/M] 4549995514889,32471,在庫あり,Dandyストア,-0.15681692392841767,FALSE
2025-03-20 23:03:59,4549995514896,【新品】Apple Watch SE 第2世代 40mm [ MXEG3J/A ] スターライトスポーツバンド M/L GPSモデル,34302,在庫あり,ノア商社 楽天市場店,-0.002915196921552051,FALSE
2025-03-20 23:05:24,4549995542479,★☆アップル / APPLE MacBook Air 13.6インチ Liquid Retinaディスプレイ MW0W3J/A [シルバー] 【Mac ノート(MacBook)】【送料無料】,163270,在庫あり,ディーライズ2号店,-0.006124448799608035,FALSE
2025-03-20 23:05:32,4549995542516,★☆アップル / APPLE MacBook Air 13.6インチ Liquid Retinaディスプレイ MW123J/A [ミッドナイト] 【Mac ノート(MacBook)】【送料無料】,165000,在庫あり,ディーライズ2号店,-0.024236548715462918,FALSE
2025-03-20 23:06:09,4549995551457,★☆アップル / APPLE MacBook Air Liquid Retinaディスプレイ 13.6 MC8H4J/A [シルバー] 【Mac ノート(MacBook)】【送料無料】,156020,在庫あり,ディーライズ2号店,-0.019224607497596923,FALSE
2025-03-20 23:06:35,4549995555233,【新品】iPad Air 11インチ Wi-Fi 128GB 2025年春モデル MC9W4J/A スペースグレイ,96344,在庫あり,電子問屋 2号店,-0.012453817094939599,FALSE
2025-03-20 23:06:41,4549995555257,【新品】iPad Air 11インチ Wi-Fi 128GB 2025年春モデル MC9Y4J/A スターライト,99234,在庫あり,電子問屋ワールドいち,-0.13485226632316238,FALSE
2025-03-20 23:06:43,4549995555257,【新品】iPad Air 11インチ Wi-Fi 128GB 2025年春モデル MC9Y4J/A スターライト,99234,在庫あり,電子問屋ワールドいち,-0.13485226632316238,FALSE
2025-03-20 23:07:48,4549995560091,【新品】iPad 11インチ Wi-Fi 128GB 2025年春モデル MD4D4J/A イエロー,62893,在庫あり,電子問屋ワールドいち,-0.019076385025037754,FALSE
2025-03-20 23:07:53,4549995560114,【新品】iPad 11インチ Wi-Fi 256GB 2025年春モデル MD4G4J/A シルバー,75629,在庫あり,電子問屋ワールドいち,-0.01586441215742785,FALSE
2025-03-20 23:08:20,4550556103152,シャープ オーブンレンジ PLAINLY RE-WF184-W ホワイト系 18L,44125,在庫あり,MONOPARK,-1.8615719941283753,FALSE
2025-03-20 23:08:26,4550556103596,【新品・在庫あり・送料無料】 AQUOS wish3 SH-M25 SIMフリー [ブラック],20971,在庫あり,らいぶshop,-0.009536070185476565,FALSE
2025-03-20 23:08:43,4550556112598,【在庫あり・送料無料】AQUOS R8 SH-R80 SIMフリー [クリーム] *　SIMフリースマートフォン　　SoftBank｜ au ｜ドコモ SIM対応,71971,在庫あり,らいぶshop,-0.0013894292224754072,FALSE
2025-03-20 23:08:45,4550556112604,【在庫あり・送料無料】SHARP AQUOS R8 Pro SH-R80P [ブラック] SIMフリースマートフォン　 SoftBank｜ドコモ｜au｜SIM対応,89362,在庫あり,らいぶshop,-0.014545454545454545,FALSE
2025-03-20 23:08:51,4550556115339,【新品】SHARP シャープ スマートフォン AQUOS sense8 SH-M26-B コバルトブラック SIMフリー,47584,在庫あり,電子問屋 2号店,-0.004202916824276048,FALSE
2025-03-20 23:09:16,4550556144292,【新品・送料無料・在庫あり】AQUOS sense9 SH-M29 6G+128G SIMフリー [コーラル]* docomo｜AU ｜softbank｜楽天｜格安SIMも使用可能,53471,在庫あり,らいぶshop,-0.022437036067535478,FALSE
2025-03-20 23:09:18,4550556144292,【新品・送料無料・在庫あり】AQUOS sense9 SH-M29 6G+128G SIMフリー [コーラル]* docomo｜AU ｜softbank｜楽天｜格安SIMも使用可能,53471,在庫あり,らいぶshop,-0.022437036067535478,FALSE
2025-03-20 23:09:20,4550556144315,【新品・送料無料・在庫あり】AQUOS sense9 SH-M29 6G+128G SIMフリー [ホワイト] docomo｜AU ｜softbank｜楽天｜格安SIMも使用可能,52560,在庫あり,らいぶshop,-0.022825838849577722,FALSE
2025-03-20 23:09:22,4550556144322,【新品・在庫あり・送料無料】SHARP AQUOS sense9 SH-M29 6G+128G SIMフリー [ブラック]* メーカー版｜ docomo｜AU ｜softbank｜楽天｜格安SIMも使用可能,52769,在庫あり,らいぶshop,-0.02273545404596351,FALSE
2025-03-20 23:09:24,4550556144346,【新品・送料無料・在庫あり】AQUOS sense9 SH-M29 8G+256G SIMフリー [ブルー]* docomo｜AU ｜softbank｜楽天｜格安SIMも使用可能,62439,在庫あり,らいぶshop,-0.020815986677768527,FALSE
2025-03-20 23:09:29,4550556144384,【新品】SHARP シャープ スマホ sense9 SH-M29B-B 8GB/256GB ブラック SIMフリー,62489,在庫あり,電子問屋ワールドいち,-0.038392014460992115,FALSE
2025-03-20 23:09:31,4550556149945,【新品・在庫あり・送料無料】AQUOS sense9 SH-M29 8G+256G [グレージュ]*｜メーカー版｜SIMフリー｜ドコモ｜au ｜ソフトバンクSIM対応,62788,在庫あり,らいぶshop,-0.01910828025477707,FALSE
2025-03-20 23:10:06,4571537802048,【在庫あり・送料無料】nubia Ivy 6GB+128GB SIMフリー [ブラック]　SIMフリー　白ロム,18846,在庫あり,らいぶshop,-0.021220159151193636,FALSE
2025-03-20 23:11:28,4580038879787,[新品未開封] 　OPPO Reno11 A ダークグリーン SIMフリー 4580038879787m,37139,在庫あり,Dandyストア,-0.01346112427309929,FALSE
2025-03-20 23:11:30,4580038879794,【新品　国内版】OPPO オッポ Reno11 A 8GB 128GB コーラルパープル SIMフリー/国内版/楽天/ドコモ/au/ソフトバンク/SIM対応,37160,在庫あり,電子問屋ワールドいち,-0.01345351809498184,FALSE
2025-03-20 23:11:39,4580130921209,【新品】Nikon ニコン ゴルフ用レーザー距離計 COOLSHOT PROII STABILIZED,42592,在庫あり,電子問屋ワールドいち,-0.02581977794990963,FALSE
2025-03-20 23:11:41,4580130921209,【新品】Nikon ニコン ゴルフ用レーザー距離計 COOLSHOT PROII STABILIZED,42592,在庫あり,電子問屋ワールドいち,-0.02581977794990963,FALSE
2025-03-20 23:12:05,4580555480060,【在庫あり・送料無料】[Nintendo Switch]Overcooked！ - オーバークック 王国のフルコース 【ポスト投函】,4509,在庫あり,らいぶshop,-0.04433606739082243,FALSE
2025-03-20 23:12:36,4582239436400,【新品・在庫あり・送料無料】motorola edge 40 SIMフリー [イクリプスブラック] ※メーカー保証対象外※,39776,在庫あり,らいぶshop,-0.0075416677141205155,FALSE
2025-03-20 23:12:39,4582239436523,【新品　国内版】Motorola モトローラ moto g53j Qualcomm Snapdragon 480+ 5G 6.5インチ 128GB インクブラック SIMフリー/楽天/ドコモ/au/ソフトバンク/SIM対応,27416,在庫あり,電子問屋ワールドいち,-0.04375091147732244,FALSE
2025-03-20 23:14:08,4902370536058,【送料無料・在庫あり】ゼルダの伝説 ブレス オブ ザ ワイルド/Switchソフト 【ポスト投函】,6469,在庫あり,らいぶshop,-0.030907124092103232,FALSE
2025-03-20 23:14:10,4902370536485,【在庫あり・送料無料】任天堂 マリオカート8 デラックス Nintendo Switch ソフト【パッケージ版／ネコポス便】,5556,在庫あり,らいぶshop,-0.035984166966534725,FALSE
2025-03-20 23:14:23,4902370540734,【送料無料・在庫あり】大乱闘スマッシュブラザーズ SPECIAL Nintendo Switchソフト【パッケージ版／ネコポス便】,6531,在庫あり,らいぶshop,-0.0612088752869166,FALSE
2025-03-20 23:14:56,4902370547627,【送料無料・在庫あり】Nintendo Switch Proコントローラー モンスターハンターライズエディション,16706,在庫あり,らいぶshop,-0.023937761819269897,FALSE
2025-03-20 23:15:30,4902370550481,【新品】Nintendo Switch（有機ELモデル）ゼルダの伝説 ティアーズ オブ ザ キングダムエディション,51145,在庫あり,電子問屋ワールドいち,-0.023457200383134272,FALSE
2025-03-20 23:15:32,4902370550504,【新品】Nintendo Switch Pro コントローラー ゼルダの伝説 ティアーズ オブ ザ キングダムエディション,8081,在庫あり,電子問屋ワールドいち,-0.049474335188620905,FALSE
2025-03-20 23:15:34,4902370550504,【新品】Nintendo Switch Pro コントローラー ゼルダの伝説 ティアーズ オブ ザ キングダムエディション,8081,在庫あり,電子問屋ワールドいち,-0.049474335188620905,FALSE
2025-03-20 23:16:07,4902370551679,【新品・在庫あり・即納】任天堂 スーパー マリオパーティ 4人で遊べる Joy-Conセット [Nintendo Switch],13201,在庫あり,らいぶshop,-0.015148072407786109,FALSE
2025-03-20 23:16:40,4902370552492,【在庫あり・送料無料】ドンキーコング リターンズ HD Switch/ソフト/HACPBDLWA 【ポスト投函】,5635,在庫あり,らいぶshop,-0.03547986517651233,FALSE
2025-03-20 23:18:06,4904710441107,【新品】TIGER タイガー魔法瓶 炊飯器 炊きたて ご泡火炊き JRI-A100-WM マットホワイト,45003,在庫あり,電子問屋ワールドいち,-0.024436841871417782,FALSE
2025-03-20 23:18:15,4938833024404,【在庫あり・送料無料】It Takes Two [Nintendo Switch] 【ポスト投函】,3596,在庫あり,らいぶshop,-0.055586436909394105,FALSE
2025-03-20 23:18:17,4938833024510,【送料無料・在庫あり】Nintendo switch ソフト [EA SPORTS FC 24] HACPBBAFA【ポスト投函】,4587,在庫あり,らいぶshop,-0.043582479843103074,FALSE
2025-03-20 23:19:01,4941787088262,【最大2000円クーポンGET】「新品 未使用 白ロム」Simフリー FUJITSU arrows We FCG01 ホワイト※赤ロム保証 [AU ロック解除済][富士通],16593,在庫あり,Quality Space,0.6063178318074335,FALSE
2025-03-20 23:19:58,4941787123369,【新品・在庫あり・送料無料】 Xiaomi(シャオミ) Redmi 12 5G XIG03 4G+128G au [ミッドナイトブラック] SIMフリー 白ロム　 softbank｜AU｜docomo｜国内どのキャリアでも使用可,13964,在庫あり,らいぶshop,-0.021479200973723776,FALSE
2025-03-20 23:20:04,4941787123383,[新品] au Xiaomi Redmi 12 5G XIG03 4G+128GB スカイブルー SIM フリー4941787123383,14219,在庫あり,Dandyストア,-0.0421792618629174,FALSE
2025-03-20 23:20:14,4941787127640,【新品・在庫あり・送料無料】 Xiaomi(シャオミ)Redmi Note 13 Pro 5G XIG05 8G+256G au [オーロラパープル] 白ロム・SIMフリー,31746,在庫あり,らいぶshop,-0.012598425196850394,FALSE
2025-03-20 23:20:16,4941787127657,[新品]au Redmi Note 13 Pro　 5G 8G+256G オーシャンティール SIMフリー4941787127657,32313,在庫あり,Dandyストア,-0.012377386514837392,FALSE
2025-03-20 23:22:43,4948872016858,【在庫あり・送料無料】Stellar Blade（ステラーブレイド）PS5/ソフト/ECJS00034【ポスト投函】,6442,在庫あり,らいぶshop,-0.031036623215394164,FALSE
2025-03-20 23:22:54,4948872017169,"【送料無料・在庫あり】【PS5】PlayStation5 本体 (model group - slim)""モンスターハンターワイルズ"" 同梱版 【CFIJ-10025】",92339,在庫あり,らいぶshop,-0.010828487585138984,FALSE
2025-03-20 23:22:56,4948872017169,"【送料無料・在庫あり】【PS5】PlayStation5 本体 (model group - slim)""モンスターハンターワイルズ"" 同梱版 【CFIJ-10025】",92339,在庫あり,らいぶshop,-0.010828487585138984,FALSE
2025-03-20 23:23:05,4948872017244,【送料無料・在庫あり】[PS5] SONY PlayStation Portal(TM) リモートプレーヤー 30周年アニバーサリー リミテッドエディション [CFIJ-18030],67264,在庫あり,らいぶshop,-0.005946363798537194,FALSE
2025-03-20 23:24:02,4948872416207,【お得・新品・送料無料・即納】 SONY ワイヤレスヘッドセット CFI-ZWH2J ※倉庫からの移動中に箱傷みあり※ 【外箱傷あり】,21717,在庫あり,らいぶshop,-0.01841535840891303,FALSE
2025-03-20 23:24:23,4948872416610,【新品・在庫あり・送料無料】PlayStation PULSE Elite ワイヤレスヘッドセット ミッドナイト ブラック[CFI-ZWH2J01],21445,在庫あり,らいぶshop,-0.009325313563668579,FALSE
2025-03-20 23:24:51,4957792145203,【新品/取寄品】Canon EOS RP RF35 MACRO IS STM レンズキット ミラーレスカメラ キヤノン,184441,在庫あり,Outlet Plaza,-0.009216190135423782,FALSE
2025-03-20 23:25:16,4960759902191,【新品/取寄品】Nikon NIKKOR Z 70-200mm f/2.8 VR S 大口径望遠ズームレンズ ニコン,334105,在庫あり,Outlet Plaza,-0.057732920926837725,FALSE
2025-03-20 23:25:30,4960759906274,【お得・新品・送料無料・即納】Nikon 標準ズームレンズ カメラレンズ NIKKOR Z 24-120F4 S ※倉庫からの移動中に箱傷みあり※ 【外箱傷あり】,139288,在庫あり,らいぶshop,-0.0014358532557972575,FALSE
2025-03-20 23:27:19,4969929259141,【土日祝発送】【新品】Bose ボーズ ノイズキャンセリング機能搭載 Bluetooth対応ヘッドホン QuietComfort Headphones GRN サイプレスグリーン,35603,在庫あり,電子問屋 2号店,-0.005617188597107148,FALSE
2025-03-20 23:27:24,4969929259172,【在庫あり・送料無料】BOSE ワイヤレスイヤホン QuietComfort Ultra Earbuds [ホワイトスモーク],29688,在庫あり,らいぶshop,-0.006736274840013472,FALSE
2025-03-20 23:27:34,4969929259554,【お得・新品・送料無料・即納】BOSE｜Bluetoot対応ヘッドホン QuietComfort Ultra Headphones WHITE SMOKE ※倉庫からの移動中に箱傷みあり※ 【外箱傷あり】,46706,在庫あり,らいぶshop,-0.010704116803322557,FALSE
2025-03-20 23:29:17,4974019230023,【新品・送料無料】SHARP プラズマクラスタードレープフロードライヤー beaute A IB-WX3-N [リネンゴールド],16778,在庫あり,らいぶshop,-0.07147111375818939,FALSE
2025-03-20 23:29:37,4974019269443,【新品】SHARP シャープ AQUOS sense7 Snapdragon 695 6.1型 128GB SH-M24-A ブルー SIMフリー/楽天/ドコモ/au/ソフトバンク/SIM対応,42478,在庫あり,電子問屋ワールドいち,-0.025889053637412035,FALSE
2025-03-20 23:31:07,4974305227799,象印 加湿器 スチーム式 4.0L グレー EE-DE50-HA,37800,在庫あり,Trend Item Shop,-0.6413626327410367,FALSE
2025-03-20 23:31:14,4974365837365,【在庫あり・送料無料】 ホグワーツ・レガシー PS5版 ソフト メーカー型番：ELJM30239 【ポスト投函】,6773,在庫あり,らいぶshop,-1.051862673484295,FALSE
2025-03-20 23:32:27,4981254057391,バッファロー HD-TDA6U3-B「みまもり合図 for Android搭載テレビ」対応 外付けHDD メカニカルハードデイスク 6TB,22970,在庫あり,Trend Item Shop,-0.2172024326672459,FALSE
2025-03-20 23:32:50,4986773231475,【送料無料・在庫あり】SAMSUNG GALAXY Tab SM-X510NLGAXJP｜グリーン　ストレージ：128GB／Wi-Fiモデル,63678,在庫あり,らいぶshop,-0.00314070351758794,FALSE
2025-03-20 23:33:01,4986773240057,【在庫あり・送料無料】Galaxy S24 Ultra SM-S928Q 12G+256G SIMフリー [チタニウム グレー] 【メーカー版】 日本国内どのキャリアでも使用可能,170932,在庫あり,らいぶshop,-0.0011700422385248106,FALSE
2025-03-20 23:33:36,4987176171689,ブラウン シリーズ7 メンズシェーバー 3枚刃 ひげそり 洗浄器 ポーチ ケース付 お風呂ぞり 深剃り 360度密着 シルバー 71-S7500cc-V,18800,在庫あり,ひかりTVショッピング　楽天市場店,-20.169851380042463,FALSE
2025-03-20 23:36:35,6934177798344,【新品】Xiaomi シャオミ 12T Pro 128GB ブラック,73322,在庫あり,電子問屋ワールドいち,-0.008182413266419377,FALSE
2025-03-20 23:38:07,6941812764558,【新品　国内版】Xiaomi シャオミ Redmi 12 5G 256GB ポーラーシルバー SIMフリー/国内版/楽天/ドコモ/au/ソフトバンク/SIM対応,24907,在庫あり,電子問屋ワールドいち,-0.01204335608189482,FALSE
2025-03-20 23:38:09,6941812764558,【新品　国内版】Xiaomi シャオミ Redmi 12 5G 256GB ポーラーシルバー SIMフリー/国内版/楽天/ドコモ/au/ソフトバンク/SIM対応,24907,在庫あり,電子問屋ワールドいち,-0.01204335608189482,FALSE
2025-03-20 23:38:42,6941812798317,【新品・在庫あり・送料無料】 Xiaomi(シャオミ) Redmi 14C 4G+128G [ミッドナイトブラック] SIMフリー softbank｜AU｜docomo｜国内どのキャリアでも使用可 ※開封品届く場合もございます。,17631,在庫あり,らいぶshop,-0.01134236942097204,FALSE
2025-03-20 23:38:44,6941812798317,【新品・在庫あり・送料無料】 Xiaomi(シャオミ) Redmi 14C 4G+128G [ミッドナイトブラック] SIMフリー softbank｜AU｜docomo｜国内どのキャリアでも使用可 ※開封品届く場合もございます。,17631,在庫あり,らいぶshop,-0.01134236942097204,FALSE
2025-03-20 23:38:54,7622100547020,【送料無料・在庫あり】IQOS イルマ i ワン アニバーサリーモデル【製品登録不可商品】,8884,在庫あり,らいぶshop,-0.022507314877335132,FALSE
2025-03-20 23:39:12,7622100834625,【送料無料・在庫あり】IQOS イルマ i 【デジタルバイオレット】【製品登録不可商品】IQOS ILUMA（アイコス イルマ）専用たばこ TEREA（テリア） IQOS ILUMA i,8291,在庫あり,らいぶshop,-0.024116724948751958,FALSE
